AssignmentStatus,Input.INPUT_PHRASE,Input.1,Input.2,Input.3,Input.4,Input.5,Input.6,Input.7,Input.8,Input.9,Input.10,Input.11,Input.12,Input.13,Input.14,Input.15,Input.16,Input.17,Input.18,Input.19,Input.20,Answer.InputA,Answer.InputB,Answer.InputC,Answer.InputD,Answer.InputE,Answer.InputF,Answer.InputG,Answer.InputH,Answer.InputI,Answer.InputJ,Answer.InputK,Answer.InputL,Answer.InputM,Answer.InputN,Answer.InputO,Answer.InputP,Answer.InputQ,Answer.InputR,Answer.InputS,Answer.InputT
Rejected,broke up,before its collapse,'s collapse,collapsed,fell apart,broke apart,split apart,disintegrated,'s breakup,used tear gas to break up,dissolved,violently broke up,crumbled,'s dissolution,tore apart,tried to stage,dispersed,imploded,tried to break up,was falling apart,broke in two,2,1,1,2,3,3,2,2,1,1,2,2,1,2,0,0,0,3,1,2
Approved,broke up,before its collapse,'s collapse,collapsed,fell apart,broke apart,split apart,disintegrated,'s breakup,used tear gas to break up,dissolved,violently broke up,crumbled,'s dissolution,tore apart,tried to stage,dispersed,imploded,tried to break up,was falling apart,broke in two,1,1,3,3,3,3,3,1,2,3,3,3,1,3,0,3,3,2,1,2
Rejected,broke up,before its collapse,'s collapse,collapsed,fell apart,broke apart,split apart,disintegrated,'s breakup,used tear gas to break up,dissolved,violently broke up,crumbled,'s dissolution,tore apart,tried to stage,dispersed,imploded,tried to break up,was falling apart,broke in two,2,2,1,1,1,1,1,3,1,1,2,1,1,1,0,1,0,1,1,0
Approved,broke up,before its collapse,'s collapse,collapsed,fell apart,broke apart,split apart,disintegrated,'s breakup,used tear gas to break up,dissolved,violently broke up,crumbled,'s dissolution,tore apart,tried to stage,dispersed,imploded,tried to break up,was falling apart,broke in two,0,0,2,3,3,3,3,2,2,3,3,3,2,3,0,3,3,2,2,2
Approved,classified information,secret documents,military secrets,classified materials,classified documents,state secrets,sensitive information,the keys,u.s. secrets,security responsibilities,secret information,confidential information,plame 's name,information on the case,atomic secrets,incriminating evidence,all relevant information,information that led,his identity,secrets,all sites,3,2,2,3,2,2,0,1,1,3,2,0,1,2,1,1,1,1,3,0
Rejected,classified information,secret documents,military secrets,classified materials,classified documents,state secrets,sensitive information,the keys,u.s. secrets,security responsibilities,secret information,confidential information,plame 's name,information on the case,atomic secrets,incriminating evidence,all relevant information,information that led,his identity,secrets,all sites,3,3,3,3,3,3,0,3,1,3,3,0,1,3,1,1,1,0,3,0
Rejected,classified information,secret documents,military secrets,classified materials,classified documents,state secrets,sensitive information,the keys,u.s. secrets,security responsibilities,secret information,confidential information,plame 's name,information on the case,atomic secrets,incriminating evidence,all relevant information,information that led,his identity,secrets,all sites,2,1,2,2,3,3,0,3,0,3,3,0,0,0,0,0,0,0,3,0
Approved,classified information,secret documents,military secrets,classified materials,classified documents,state secrets,sensitive information,the keys,u.s. secrets,security responsibilities,secret information,confidential information,plame 's name,information on the case,atomic secrets,incriminating evidence,all relevant information,information that led,his identity,secrets,all sites,0,0,2,3,0,2,0,0,0,1,1,0,0,0,0,1,1,0,0,0
Rejected,congressional committee,congressional panel,senate panel,parliamentary committee,federal grand jury,news conference in nairobi,senate committee,pentagon news conference,"news conference , adding",television interviewer,press conference here today,house panel,congressional subcommittee,press conference today,"press conference , adding",press conference here,press conference after the meeting,regular news conference,senatorial committee,press conference late,senate hearing,3,3,3,2,1,3,1,1,1,1,3,3,1,1,1,1,1,3,1,2
Rejected,congressional committee,congressional panel,senate panel,parliamentary committee,federal grand jury,news conference in nairobi,senate committee,pentagon news conference,"news conference , adding",television interviewer,press conference here today,house panel,congressional subcommittee,press conference today,"press conference , adding",press conference here,press conference after the meeting,regular news conference,senatorial committee,press conference late,senate hearing,3,3,3,3,0,3,1,0,0,0,3,3,0,0,0,0,0,3,0,3
Approved,congressional committee,congressional panel,senate panel,parliamentary committee,federal grand jury,news conference in nairobi,senate committee,pentagon news conference,"news conference , adding",television interviewer,press conference here today,house panel,congressional subcommittee,press conference today,"press conference , adding",press conference here,press conference after the meeting,regular news conference,senatorial committee,press conference late,senate hearing,3,2,2,1,0,2,0,0,0,0,2,2,0,0,0,0,0,2,0,0
Rejected,congressional committee,congressional panel,senate panel,parliamentary committee,federal grand jury,news conference in nairobi,senate committee,pentagon news conference,"news conference , adding",television interviewer,press conference here today,house panel,congressional subcommittee,press conference today,"press conference , adding",press conference here,press conference after the meeting,regular news conference,senatorial committee,press conference late,senate hearing,3,0,0,1,0,0,0,0,0,0,0,3,0,0,0,0,0,0,0,1
Rejected,congressional committee,congressional panel,senate panel,parliamentary committee,federal grand jury,news conference in nairobi,senate committee,pentagon news conference,"news conference , adding",television interviewer,press conference here today,house panel,congressional subcommittee,press conference today,"press conference , adding",press conference here,press conference after the meeting,regular news conference,senatorial committee,press conference late,senate hearing,3,1,1,0,0,1,1,0,0,0,1,1,0,0,0,0,0,1,0,1
Rejected,rules and regulations,constitution and the laws,the relevant resolutions,wishes,provisions,court of appeals,free will,sovereignty and territorial integrity,"""rules",resolutions,goals and objectives,tenets,laws and regulations,sanctity,constitution and the law,letter and spirit,purposes and principles,outcome,regulations,rules,stipulations,3,2,1,2,1,0,1,3,3,3,2,3,0,2,2,2,0,3,3,3
Approved,rules and regulations,constitution and the laws,the relevant resolutions,wishes,provisions,court of appeals,free will,sovereignty and territorial integrity,"""rules",resolutions,goals and objectives,tenets,laws and regulations,sanctity,constitution and the law,letter and spirit,purposes and principles,outcome,regulations,rules,stipulations,2,1,1,1,1,0,1,3,2,1,2,3,0,2,1,1,1,2,2,2
Approved,rules and regulations,constitution and the laws,the relevant resolutions,wishes,provisions,court of appeals,free will,sovereignty and territorial integrity,"""rules",resolutions,goals and objectives,tenets,laws and regulations,sanctity,constitution and the law,letter and spirit,purposes and principles,outcome,regulations,rules,stipulations,2,0,0,2,1,1,0,2,2,0,2,3,2,2,0,2,0,3,3,3
Approved,turning point,milestone,sharp escalation,major turning point,breakthrough,factor,step forward,final straw,watershed,major milestone,new phase,new stage,key milestone,significant shift,turning-point,new step,new stage of development,first sign of trouble,low point,sea-change,new milestone,3,2,3,2,0,2,1,3,3,3,3,3,2,3,2,2,0,1,3,3
Rejected,turning point,milestone,sharp escalation,major turning point,breakthrough,factor,step forward,final straw,watershed,major milestone,new phase,new stage,key milestone,significant shift,turning-point,new step,new stage of development,first sign of trouble,low point,sea-change,new milestone,1,2,2,2,0,0,0,0,0,2,2,0,0,3,2,2,0,0,0,0
Rejected,turning point,milestone,sharp escalation,major turning point,breakthrough,factor,step forward,final straw,watershed,major milestone,new phase,new stage,key milestone,significant shift,turning-point,new step,new stage of development,first sign of trouble,low point,sea-change,new milestone,3,2,3,3,3,3,3,1,3,3,3,3,3,3,3,3,3,3,2,3
Rejected,turning point,milestone,sharp escalation,major turning point,breakthrough,factor,step forward,final straw,watershed,major milestone,new phase,new stage,key milestone,significant shift,turning-point,new step,new stage of development,first sign of trouble,low point,sea-change,new milestone,1,0,3,1,1,1,1,1,1,1,1,1,1,3,1,2,1,1,0,2
Approved,turning point,milestone,sharp escalation,major turning point,breakthrough,factor,step forward,final straw,watershed,major milestone,new phase,new stage,key milestone,significant shift,turning-point,new step,new stage of development,first sign of trouble,low point,sea-change,new milestone,3,0,3,3,0,3,1,0,3,3,3,3,2,3,2,3,0,0,0,3
Approved,abject poverty,extreme poverty,grinding poverty,dire poverty,constant fear,poverty,squalor,peace with its neighbors,rural areas,exile,severe poverty,absolute poverty,tent camps,a trailer park,miserable conditions,ruins,deplorable conditions,makeshift camps,the third world,makeshift shelters,the rural areas,3,3,3,0,3,3,0,1,0,3,3,1,1,2,1,1,1,1,2,1
Approved,abject poverty,extreme poverty,grinding poverty,dire poverty,constant fear,poverty,squalor,peace with its neighbors,rural areas,exile,severe poverty,absolute poverty,tent camps,a trailer park,miserable conditions,ruins,deplorable conditions,makeshift camps,the third world,makeshift shelters,the rural areas,3,2,3,1,2,3,0,0,1,3,3,2,1,2,2,3,2,2,1,0
Approved,abject poverty,extreme poverty,grinding poverty,dire poverty,constant fear,poverty,squalor,peace with its neighbors,rural areas,exile,severe poverty,absolute poverty,tent camps,a trailer park,miserable conditions,ruins,deplorable conditions,makeshift camps,the third world,makeshift shelters,the rural areas,3,3,3,1,2,1,0,0,0,3,3,2,2,2,2,2,2,2,2,1
Rejected,appalling,abominable,abysmal,squalid,deplorable,subhuman,extremely poor,slave-like,excellent,unconscionable,inhumane,abject,miserable,unfortunate,outrageous,extremely harsh,orderly,dubious,unsanitary,egregious,wretched,2,2,0,2,0,2,2,0,3,2,2,1,1,3,2,0,0,2,0,3
Approved,appalling,abominable,abysmal,squalid,deplorable,subhuman,extremely poor,slave-like,excellent,unconscionable,inhumane,abject,miserable,unfortunate,outrageous,extremely harsh,orderly,dubious,unsanitary,egregious,wretched,3,3,3,3,2,0,0,1,3,2,2,2,1,3,2,0,1,1,1,3
Approved,appalling,abominable,abysmal,squalid,deplorable,subhuman,extremely poor,slave-like,excellent,unconscionable,inhumane,abject,miserable,unfortunate,outrageous,extremely harsh,orderly,dubious,unsanitary,egregious,wretched,3,3,1,3,3,3,2,0,3,3,1,2,2,3,3,0,1,2,2,3
Approved,appalling,abominable,abysmal,squalid,deplorable,subhuman,extremely poor,slave-like,excellent,unconscionable,inhumane,abject,miserable,unfortunate,outrageous,extremely harsh,orderly,dubious,unsanitary,egregious,wretched,3,2,2,3,2,2,1,0,1,2,1,3,1,2,3,0,1,2,1,3
Approved,bridge the gap,drive a wedge,bridge the gaps,bridge the differences,broker an agreement,ease tensions,improve relations,narrow the gaps,broker peace,mediate,strike a balance,find a middle ground,broker a truce,arrange a meeting,bridge differences,broker a peace agreement,defuse tensions,establish a link,narrow the gap,bridge gaps,build trust,0,2,3,1,1,2,2,1,0,2,3,3,1,3,2,1,2,3,3,2
Rejected,bridge the gap,drive a wedge,bridge the gaps,bridge the differences,broker an agreement,ease tensions,improve relations,narrow the gaps,broker peace,mediate,strike a balance,find a middle ground,broker a truce,arrange a meeting,bridge differences,broker a peace agreement,defuse tensions,establish a link,narrow the gap,bridge gaps,build trust,0,2,3,1,0,0,2,2,2,2,2,2,2,3,2,2,3,2,2,1
Approved,bridge the gap,drive a wedge,bridge the gaps,bridge the differences,broker an agreement,ease tensions,improve relations,narrow the gaps,broker peace,mediate,strike a balance,find a middle ground,broker a truce,arrange a meeting,bridge differences,broker a peace agreement,defuse tensions,establish a link,narrow the gap,bridge gaps,build trust,1,3,3,2,2,2,3,2,2,2,2,2,1,2,2,2,2,3,3,2
Rejected,bridge the gap,drive a wedge,bridge the gaps,bridge the differences,broker an agreement,ease tensions,improve relations,narrow the gaps,broker peace,mediate,strike a balance,find a middle ground,broker a truce,arrange a meeting,bridge differences,broker a peace agreement,defuse tensions,establish a link,narrow the gap,bridge gaps,build trust,0,3,3,3,3,3,2,3,3,3,3,3,2,3,3,3,3,3,3,3
Approved,bridge the gap,drive a wedge,bridge the gaps,bridge the differences,broker an agreement,ease tensions,improve relations,narrow the gaps,broker peace,mediate,strike a balance,find a middle ground,broker a truce,arrange a meeting,bridge differences,broker a peace agreement,defuse tensions,establish a link,narrow the gap,bridge gaps,build trust,1,3,3,1,1,2,3,1,1,3,3,2,1,3,1,1,1,3,2,1
Approved,capital punishment,the death penalty,executions,deepwater drilling,juvenile justice,deep-water drilling,settlement construction,death-penalty,immigrants ' rights,national prison,atheism,death penalty,the peace process between israel,the capital punishment,settlement building,school finance,workers ' compensation,auto insurance,criminal justice,use of the death penalty,juvenile prison,3,2,0,1,0,0,3,0,0,0,3,0,2,0,0,0,0,1,2,0
Approved,capital punishment,the death penalty,executions,deepwater drilling,juvenile justice,deep-water drilling,settlement construction,death-penalty,immigrants ' rights,national prison,atheism,death penalty,the peace process between israel,the capital punishment,settlement building,school finance,workers ' compensation,auto insurance,criminal justice,use of the death penalty,juvenile prison,3,2,0,1,0,0,3,0,1,0,3,0,2,0,0,0,0,1,2,1
Approved,capital punishment,the death penalty,executions,deepwater drilling,juvenile justice,deep-water drilling,settlement construction,death-penalty,immigrants ' rights,national prison,atheism,death penalty,the peace process between israel,the capital punishment,settlement building,school finance,workers ' compensation,auto insurance,criminal justice,use of the death penalty,juvenile prison,3,2,0,2,0,1,3,1,1,0,3,0,2,0,0,0,0,1,2,1
Approved,cell,mobile,cellular,cells for,touch-tone,own mobile,cordless,nokia mobile,molecular,explosives used,their cell,radical plo faction,terrorist cell,wireless,the internet and mobile,satellite,land-line,"computers , cell",portable,tissue,computers and mobile,2,3,2,1,2,1,2,1,0,3,0,2,2,1,1,1,1,1,0,1
Rejected,cell,mobile,cellular,cells for,touch-tone,own mobile,cordless,nokia mobile,molecular,explosives used,their cell,radical plo faction,terrorist cell,wireless,the internet and mobile,satellite,land-line,"computers , cell",portable,tissue,computers and mobile,1,1,2,1,1,1,1,1,0,2,1,1,1,1,1,1,1,2,0,1
Rejected,cell,mobile,cellular,cells for,touch-tone,own mobile,cordless,nokia mobile,molecular,explosives used,their cell,radical plo faction,terrorist cell,wireless,the internet and mobile,satellite,land-line,"computers , cell",portable,tissue,computers and mobile,1,2,0,0,0,0,0,1,0,1,1,3,1,1,1,1,1,2,0,1
Approved,cell,mobile,cellular,cells for,touch-tone,own mobile,cordless,nokia mobile,molecular,explosives used,their cell,radical plo faction,terrorist cell,wireless,the internet and mobile,satellite,land-line,"computers , cell",portable,tissue,computers and mobile,3,3,1,2,2,3,2,2,0,2,1,3,3,1,1,1,1,1,1,1
Approved,cell,mobile,cellular,cells for,touch-tone,own mobile,cordless,nokia mobile,molecular,explosives used,their cell,radical plo faction,terrorist cell,wireless,the internet and mobile,satellite,land-line,"computers , cell",portable,tissue,computers and mobile,3,3,2,0,2,1,2,1,0,2,0,2,1,1,0,1,2,1,1,2
Rejected,cell,mobile,cellular,cells for,touch-tone,own mobile,cordless,nokia mobile,molecular,explosives used,their cell,radical plo faction,terrorist cell,wireless,the internet and mobile,satellite,land-line,"computers , cell",portable,tissue,computers and mobile,3,3,2,3,3,3,3,3,0,2,3,3,3,2,3,1,0,3,3,0
Approved,condescending,timely,weird,perverse,matter-of-fact,very personal,meaningful,very positive,fair,dignified,strange,a cliche,safe,too early,transparent,not fair,civilized,too soon,hands-off,an exaggeration,very hard,0,0,0,0,0,0,1,1,1,1,0,0,0,0,1,0,0,0,0,1
Approved,condescending,timely,weird,perverse,matter-of-fact,very personal,meaningful,very positive,fair,dignified,strange,a cliche,safe,too early,transparent,not fair,civilized,too soon,hands-off,an exaggeration,very hard,0,0,0,2,0,0,0,1,2,0,0,0,0,0,1,1,0,0,0,0
Rejected,condescending,timely,weird,perverse,matter-of-fact,very personal,meaningful,very positive,fair,dignified,strange,a cliche,safe,too early,transparent,not fair,civilized,too soon,hands-off,an exaggeration,very hard,0,1,0,0,2,2,0,0,0,1,3,0,0,0,1,0,0,1,2,3
Approved,condescending,timely,weird,perverse,matter-of-fact,very personal,meaningful,very positive,fair,dignified,strange,a cliche,safe,too early,transparent,not fair,civilized,too soon,hands-off,an exaggeration,very hard,0,0,0,1,0,0,1,1,1,0,0,0,0,0,2,0,0,0,0,0
Approved,crimes against humanity,crimes against humanity committed,crimes against humanity for his role,"genocide , crimes against humanity",genocide committed,genocide,genocide charges,other war crimes,conspiracy to commit genocide,complicity in genocide,other atrocities,"crimes against humanity , war crimes",war crimes and crimes against humanity,genocide in bosnia,child rape,murder and attempted murder,genocide and crimes against humanity,those who participated,war crimes committed,first-degree murder,"war crimes , crimes against humanity",2,2,2,1,1,1,0,1,1,0,3,3,1,1,1,3,0,2,0,3
Approved,crimes against humanity,crimes against humanity committed,crimes against humanity for his role,"genocide , crimes against humanity",genocide committed,genocide,genocide charges,other war crimes,conspiracy to commit genocide,complicity in genocide,other atrocities,"crimes against humanity , war crimes",war crimes and crimes against humanity,genocide in bosnia,child rape,murder and attempted murder,genocide and crimes against humanity,those who participated,war crimes committed,first-degree murder,"war crimes , crimes against humanity",2,2,2,1,1,1,2,2,2,1,3,2,1,1,1,2,1,2,2,3
Approved,crimes against humanity,crimes against humanity committed,crimes against humanity for his role,"genocide , crimes against humanity",genocide committed,genocide,genocide charges,other war crimes,conspiracy to commit genocide,complicity in genocide,other atrocities,"crimes against humanity , war crimes",war crimes and crimes against humanity,genocide in bosnia,child rape,murder and attempted murder,genocide and crimes against humanity,those who participated,war crimes committed,first-degree murder,"war crimes , crimes against humanity",3,3,3,3,3,3,2,2,2,2,3,3,2,1,1,3,0,2,1,3
Rejected,crimes against humanity,crimes against humanity committed,crimes against humanity for his role,"genocide , crimes against humanity",genocide committed,genocide,genocide charges,other war crimes,conspiracy to commit genocide,complicity in genocide,other atrocities,"crimes against humanity , war crimes",war crimes and crimes against humanity,genocide in bosnia,child rape,murder and attempted murder,genocide and crimes against humanity,those who participated,war crimes committed,first-degree murder,"war crimes , crimes against humanity",2,2,2,3,3,3,3,3,3,3,2,2,2,3,3,2,0,3,3,2
Approved,defense attorney,senior government official,hospital spokesman,person briefed on the matter,judicial source,senior defense official,simpson attorney,united nations spokesman,person familiar with the matter,health official,senior south korean official,senior japanese official,world health organization official,party official,court spokesman,private research group,senior russian diplomat,criminal defense attorney,senior police officer,military official,senior u.s. military official,1,0,2,1,1,2,1,2,0,0,0,0,0,2,0,0,3,1,0,0
Approved,defense attorney,senior government official,hospital spokesman,person briefed on the matter,judicial source,senior defense official,simpson attorney,united nations spokesman,person familiar with the matter,health official,senior south korean official,senior japanese official,world health organization official,party official,court spokesman,private research group,senior russian diplomat,criminal defense attorney,senior police officer,military official,senior u.s. military official,1,0,1,1,2,1,0,1,0,0,0,0,0,0,0,0,3,0,0,0
Approved,defense attorney,senior government official,hospital spokesman,person briefed on the matter,judicial source,senior defense official,simpson attorney,united nations spokesman,person familiar with the matter,health official,senior south korean official,senior japanese official,world health organization official,party official,court spokesman,private research group,senior russian diplomat,criminal defense attorney,senior police officer,military official,senior u.s. military official,1,1,1,1,3,2,0,0,0,0,0,0,0,2,0,0,3,0,0,0
Approved,economic reforms,security developments,security reforms,economic stability,economic change,economic life,criminal violence,economic chaos,social reforms,economic instability,the bosnian war,economic force,social turmoil,economic changes,social stability,economic crises,cultural life,military figures,business leaders,business elite,other differences,0,0,1,2,1,0,1,1,2,0,1,1,2,0,1,0,0,1,1,0
Approved,economic reforms,security developments,security reforms,economic stability,economic change,economic life,criminal violence,economic chaos,social reforms,economic instability,the bosnian war,economic force,social turmoil,economic changes,social stability,economic crises,cultural life,military figures,business leaders,business elite,other differences,0,0,1,2,0,0,0,1,1,0,0,1,2,0,0,0,0,0,0,0
Approved,economic reforms,security developments,security reforms,economic stability,economic change,economic life,criminal violence,economic chaos,social reforms,economic instability,the bosnian war,economic force,social turmoil,economic changes,social stability,economic crises,cultural life,military figures,business leaders,business elite,other differences,1,1,2,3,1,0,1,2,1,0,2,1,3,1,1,0,0,1,1,0
Rejected,economic reforms,security developments,security reforms,economic stability,economic change,economic life,criminal violence,economic chaos,social reforms,economic instability,the bosnian war,economic force,social turmoil,economic changes,social stability,economic crises,cultural life,military figures,business leaders,business elite,other differences,1,1,2,3,2,1,2,2,2,1,2,2,3,2,2,1,1,1,1,1
Approved,endorse,publicly endorse,approve,ratify,vote this week on,accept,announce,adopt,sign off on,unveil,identify,formally endorse,formally approve,single out,vote on,vote thursday on,mention,countenance,sign,give details of,immediately comment on,3,3,3,2,0,1,3,2,2,0,3,3,0,1,1,0,3,1,1,1
Approved,endorse,publicly endorse,approve,ratify,vote this week on,accept,announce,adopt,sign off on,unveil,identify,formally endorse,formally approve,single out,vote on,vote thursday on,mention,countenance,sign,give details of,immediately comment on,3,3,2,2,2,1,2,2,1,1,3,3,1,1,1,1,0,1,1,1
Approved,endorse,publicly endorse,approve,ratify,vote this week on,accept,announce,adopt,sign off on,unveil,identify,formally endorse,formally approve,single out,vote on,vote thursday on,mention,countenance,sign,give details of,immediately comment on,3,3,3,2,3,1,3,2,0,0,3,3,0,2,0,0,0,2,0,0
Approved,euthanasia,voluntary euthanasia,confirmed swine flu,criminal procedure,republican congressional,performance-enhancing,same-sex marriage,homosexuality,pimping,mccain-feingold campaign finance,high-profile murder,adult stem cells,rule of,new bankruptcy,gay rights,anti-monopoly,school prayer,new basic,gun control,muslim immigrants,anti-secession,1,0,0,0,0,0,0,0,0,0,0,0,0,0,0,0,0,0,0,0
Approved,euthanasia,voluntary euthanasia,confirmed swine flu,criminal procedure,republican congressional,performance-enhancing,same-sex marriage,homosexuality,pimping,mccain-feingold campaign finance,high-profile murder,adult stem cells,rule of,new bankruptcy,gay rights,anti-monopoly,school prayer,new basic,gun control,muslim immigrants,anti-secession,3,0,1,0,0,0,0,0,0,0,0,0,0,0,0,0,0,0,0,0
Approved,euthanasia,voluntary euthanasia,confirmed swine flu,criminal procedure,republican congressional,performance-enhancing,same-sex marriage,homosexuality,pimping,mccain-feingold campaign finance,high-profile murder,adult stem cells,rule of,new bankruptcy,gay rights,anti-monopoly,school prayer,new basic,gun control,muslim immigrants,anti-secession,3,0,2,0,0,0,0,0,0,0,0,0,0,0,0,0,0,0,0,0
Approved,extremely difficult,nearly impossible,far too early,increasingly difficult,virtually impossible,still hard,opportune,far more difficult,much easier,untenable,just too early,much more difficult,much too early,really hard,a little too early,even more difficult,not fair,tempting,important for people,still difficult,far too soon,3,1,2,3,1,0,2,1,0,0,2,0,3,0,1,0,0,0,1,0
Approved,extremely difficult,nearly impossible,far too early,increasingly difficult,virtually impossible,still hard,opportune,far more difficult,much easier,untenable,just too early,much more difficult,much too early,really hard,a little too early,even more difficult,not fair,tempting,important for people,still difficult,far too soon,3,0,2,3,1,0,1,1,2,0,1,1,2,0,1,0,0,0,1,0
Approved,extremely difficult,nearly impossible,far too early,increasingly difficult,virtually impossible,still hard,opportune,far more difficult,much easier,untenable,just too early,much more difficult,much too early,really hard,a little too early,even more difficult,not fair,tempting,important for people,still difficult,far too soon,3,0,1,3,2,0,2,0,0,0,2,0,3,0,2,1,0,0,2,0
Approved,failure to comply,nuclear standoff,nuclear ambitions,compliance with,the roadmap,he disagreed,it would comply,that the process,frustration,results,tendency,trade relations,coordination,agents,refusing to cooperate,ultimatum,the law,he disagrees,use,espionage,threatened,2,1,0,0,2,0,0,1,1,1,1,0,0,3,1,1,2,0,1,1
Approved,failure to comply,nuclear standoff,nuclear ambitions,compliance with,the roadmap,he disagreed,it would comply,that the process,frustration,results,tendency,trade relations,coordination,agents,refusing to cooperate,ultimatum,the law,he disagrees,use,espionage,threatened,0,0,1,0,1,1,0,0,0,0,0,1,0,3,0,1,2,0,0,0
Approved,failure to comply,nuclear standoff,nuclear ambitions,compliance with,the roadmap,he disagreed,it would comply,that the process,frustration,results,tendency,trade relations,coordination,agents,refusing to cooperate,ultimatum,the law,he disagrees,use,espionage,threatened,0,0,2,0,1,1,0,1,1,0,0,1,0,2,1,1,2,0,0,0
Approved,go the extra mile,pay a premium,do whatever it took,do what it takes,pay top dollar,settle for less,do whatever it takes,pay more,wait a little longer,'re trying,make joint efforts,work very hard,'re doing everything we can,make an exception,pay a high price,work hard,go to great lengths,pay extra,'re not going,sacrifice themselves,take risks,0,2,3,1,1,3,1,1,1,1,2,1,0,1,2,2,1,0,1,1
Approved,go the extra mile,pay a premium,do whatever it took,do what it takes,pay top dollar,settle for less,do whatever it takes,pay more,wait a little longer,'re trying,make joint efforts,work very hard,'re doing everything we can,make an exception,pay a high price,work hard,go to great lengths,pay extra,'re not going,sacrifice themselves,take risks,1,3,3,2,0,3,2,1,1,2,2,3,1,2,2,3,2,0,2,2
Approved,go the extra mile,pay a premium,do whatever it took,do what it takes,pay top dollar,settle for less,do whatever it takes,pay more,wait a little longer,'re trying,make joint efforts,work very hard,'re doing everything we can,make an exception,pay a high price,work hard,go to great lengths,pay extra,'re not going,sacrifice themselves,take risks,0,2,3,2,1,3,0,0,0,1,3,2,0,0,1,3,0,0,0,0
Rejected,go the extra mile,pay a premium,do whatever it took,do what it takes,pay top dollar,settle for less,do whatever it takes,pay more,wait a little longer,'re trying,make joint efforts,work very hard,'re doing everything we can,make an exception,pay a high price,work hard,go to great lengths,pay extra,'re not going,sacrifice themselves,take risks,0,0,0,0,0,0,0,0,0,0,2,0,0,0,2,2,0,0,0,0
Rejected,go the extra mile,pay a premium,do whatever it took,do what it takes,pay top dollar,settle for less,do whatever it takes,pay more,wait a little longer,'re trying,make joint efforts,work very hard,'re doing everything we can,make an exception,pay a high price,work hard,go to great lengths,pay extra,'re not going,sacrifice themselves,take risks,0,2,0,0,0,3,0,0,0,0,2,1,0,0,1,3,0,0,0,0
Approved,had an affair,had a sexual relationship,'s affair,a sexual relationship,had had an affair,'s relationship,had sex,'s alleged affair,an affair,had sexual relations,was having an affair,had an extramarital affair,had a relationship,had fallen in love,unlawful sex,an intimate relationship,a sexual affair,and his relationship,'s first term,sexual relations,an improper relationship,3,2,2,2,1,2,1,2,3,2,3,1,1,1,1,2,1,0,2,2
Approved,had an affair,had a sexual relationship,'s affair,a sexual relationship,had had an affair,'s relationship,had sex,'s alleged affair,an affair,had sexual relations,was having an affair,had an extramarital affair,had a relationship,had fallen in love,unlawful sex,an intimate relationship,a sexual affair,and his relationship,'s first term,sexual relations,an improper relationship,2,3,2,2,2,3,3,3,3,3,3,3,3,0,3,3,2,0,3,2
Approved,had an affair,had a sexual relationship,'s affair,a sexual relationship,had had an affair,'s relationship,had sex,'s alleged affair,an affair,had sexual relations,was having an affair,had an extramarital affair,had a relationship,had fallen in love,unlawful sex,an intimate relationship,a sexual affair,and his relationship,'s first term,sexual relations,an improper relationship,3,2,2,2,2,2,2,2,2,1,2,2,2,1,2,2,1,0,2,1
Rejected,hard to find,a step in,very hard to find,tough to find,not easy to find,difficult to find,going to take a long,hard to think of,tough to get,going to take some,important to have,hard to imagine,very difficult to find,hard to get,easy to find,not hard to find,taken a long,all about getting,hard-pressed to find,definitely going to be,probably not,0,3,3,3,3,2,2,3,1,0,2,3,3,1,1,0,0,3,0,0
Approved,hard to find,a step in,very hard to find,tough to find,not easy to find,difficult to find,going to take a long,hard to think of,tough to get,going to take some,important to have,hard to imagine,very difficult to find,hard to get,easy to find,not hard to find,taken a long,all about getting,hard-pressed to find,definitely going to be,probably not,0,3,3,3,3,1,1,3,1,1,1,3,3,3,1,1,1,2,0,1
Approved,hard to find,a step in,very hard to find,tough to find,not easy to find,difficult to find,going to take a long,hard to think of,tough to get,going to take some,important to have,hard to imagine,very difficult to find,hard to get,easy to find,not hard to find,taken a long,all about getting,hard-pressed to find,definitely going to be,probably not,0,3,3,3,3,1,1,3,2,0,2,3,3,1,1,0,0,3,1,0
Approved,hard to find,a step in,very hard to find,tough to find,not easy to find,difficult to find,going to take a long,hard to think of,tough to get,going to take some,important to have,hard to imagine,very difficult to find,hard to get,easy to find,not hard to find,taken a long,all about getting,hard-pressed to find,definitely going to be,probably not,0,3,3,3,3,0,0,3,0,0,0,3,3,1,1,0,0,2,0,0
Approved,heavy artillery,artillery,mortar,heavy weapons,suicide bomb,heavy rocket,rocket,heavy guns,massive car bomb,russian artillery,suicide car bomb,artillery and mortar,machine-gun,heavy machine gun,car-bomb,attack helicopters,their heavy weapons,rocket-propelled grenade ( rpg),grenade,small arms,heavy mortar,2,2,2,1,2,2,2,1,1,1,2,1,2,1,1,2,1,1,1,2
Approved,heavy artillery,artillery,mortar,heavy weapons,suicide bomb,heavy rocket,rocket,heavy guns,massive car bomb,russian artillery,suicide car bomb,artillery and mortar,machine-gun,heavy machine gun,car-bomb,attack helicopters,their heavy weapons,rocket-propelled grenade ( rpg),grenade,small arms,heavy mortar,3,2,3,2,2,2,3,2,3,2,3,2,2,2,2,2,2,2,1,3
Approved,heavy artillery,artillery,mortar,heavy weapons,suicide bomb,heavy rocket,rocket,heavy guns,massive car bomb,russian artillery,suicide car bomb,artillery and mortar,machine-gun,heavy machine gun,car-bomb,attack helicopters,their heavy weapons,rocket-propelled grenade ( rpg),grenade,small arms,heavy mortar,3,1,3,0,1,1,3,1,1,0,3,2,3,0,1,2,2,2,1,1
Approved,held hostage,taken hostage,kidnapped,being held hostage,held captive,taken hostages,who had been held hostage,abducted,killed in action,have been held hostage,killed or died,killed by hostile fire,a member of al-qaida,no movement,were taken hostage,kidnapped last week,a quiet day,the target of attacks,who was kidnapped,frequently targeted,killed in combat,2,2,2,3,2,2,3,1,2,1,1,1,0,2,2,0,0,2,0,1
Approved,held hostage,taken hostage,kidnapped,being held hostage,held captive,taken hostages,who had been held hostage,abducted,killed in action,have been held hostage,killed or died,killed by hostile fire,a member of al-qaida,no movement,were taken hostage,kidnapped last week,a quiet day,the target of attacks,who was kidnapped,frequently targeted,killed in combat,3,2,3,3,2,2,2,0,2,0,0,0,0,3,2,0,0,2,0,0
Approved,held hostage,taken hostage,kidnapped,being held hostage,held captive,taken hostages,who had been held hostage,abducted,killed in action,have been held hostage,killed or died,killed by hostile fire,a member of al-qaida,no movement,were taken hostage,kidnapped last week,a quiet day,the target of attacks,who was kidnapped,frequently targeted,killed in combat,3,3,3,3,2,3,3,1,3,1,1,0,0,3,3,0,2,3,1,1
Approved,imminent danger,danger,immediate threat,imminent threat,immediate danger,present danger,real danger,jeopardy,no immediate danger,horrors,serious danger,dangers,any danger,ravages,threat,growing threat,no danger,grave danger,substantial risk,outbreak,constant danger,3,3,3,3,3,3,0,1,2,2,3,2,0,3,2,1,2,2,0,2
Approved,imminent danger,danger,immediate threat,imminent threat,immediate danger,present danger,real danger,jeopardy,no immediate danger,horrors,serious danger,dangers,any danger,ravages,threat,growing threat,no danger,grave danger,substantial risk,outbreak,constant danger,3,2,2,3,3,3,3,1,1,3,2,1,0,2,2,1,3,3,0,2
Approved,imminent danger,danger,immediate threat,imminent threat,immediate danger,present danger,real danger,jeopardy,no immediate danger,horrors,serious danger,dangers,any danger,ravages,threat,growing threat,no danger,grave danger,substantial risk,outbreak,constant danger,3,3,3,3,3,3,3,1,2,2,3,3,1,3,2,1,2,2,1,1
Rejected,imminent danger,danger,immediate threat,imminent threat,immediate danger,present danger,real danger,jeopardy,no immediate danger,horrors,serious danger,dangers,any danger,ravages,threat,growing threat,no danger,grave danger,substantial risk,outbreak,constant danger,1,2,2,3,2,1,2,0,2,2,1,2,1,1,2,0,2,2,1,1
Approved,information about,immediate comment on,immediate information about,immediate information on,information on,knowledge of,recollection of,details on,jurisdiction in,jurisdiction to hear,further information on,word on,details about,other details on,more information about,other information about,further details on,new information on,immediate report on,claim of responsibility for,comment about,1,2,2,3,3,1,3,0,0,2,0,3,2,3,3,2,2,1,1,1
Approved,information about,immediate comment on,immediate information about,immediate information on,information on,knowledge of,recollection of,details on,jurisdiction in,jurisdiction to hear,further information on,word on,details about,other details on,more information about,other information about,further details on,new information on,immediate report on,claim of responsibility for,comment about,2,2,2,3,3,2,3,0,1,2,3,3,3,3,3,3,3,2,0,2
Approved,information about,immediate comment on,immediate information about,immediate information on,information on,knowledge of,recollection of,details on,jurisdiction in,jurisdiction to hear,further information on,word on,details about,other details on,more information about,other information about,further details on,new information on,immediate report on,claim of responsibility for,comment about,3,3,3,3,2,2,3,1,1,3,3,3,2,2,2,2,3,3,1,3
Approved,it is fair to say,it 's fair to say,it 's safe to say,the important point is,it 's important,it 's very important,it 's unfortunate,it 's very unfortunate,it is important,it is safe to say,it 's pretty clear,it 's inevitable,it 's very unlikely,it 's wonderful,it 's a shame,it 's outrageous,it 's clear,it 's great,it is unfortunate,it is very important,it 's important to understand,3,3,1,0,0,0,0,0,3,3,0,1,0,0,1,3,0,0,2,1
Approved,it is fair to say,it 's fair to say,it 's safe to say,the important point is,it 's important,it 's very important,it 's unfortunate,it 's very unfortunate,it is important,it is safe to say,it 's pretty clear,it 's inevitable,it 's very unlikely,it 's wonderful,it 's a shame,it 's outrageous,it 's clear,it 's great,it is unfortunate,it is very important,it 's important to understand,3,2,0,0,0,0,0,0,2,2,0,0,0,0,0,0,0,0,0,0
Rejected,it is fair to say,it 's fair to say,it 's safe to say,the important point is,it 's important,it 's very important,it 's unfortunate,it 's very unfortunate,it is important,it is safe to say,it 's pretty clear,it 's inevitable,it 's very unlikely,it 's wonderful,it 's a shame,it 's outrageous,it 's clear,it 's great,it is unfortunate,it is very important,it 's important to understand,3,3,2,1,1,1,1,3,3,3,2,0,1,0,0,3,1,1,1,2
Approved,it is fair to say,it 's fair to say,it 's safe to say,the important point is,it 's important,it 's very important,it 's unfortunate,it 's very unfortunate,it is important,it is safe to say,it 's pretty clear,it 's inevitable,it 's very unlikely,it 's wonderful,it 's a shame,it 's outrageous,it 's clear,it 's great,it is unfortunate,it is very important,it 's important to understand,3,3,0,0,0,0,0,0,3,3,1,0,0,0,0,3,0,0,0,1
Approved,lackluster,goal-less,scoreless,lacklustre,sluggish,listless,dismal,goalless,european championship qualifying,disappointing,world cup qualifying,seesaw,directionless,shaky,disastrous,scrappy,dull,hard-fought,torrid,slow,rain-interrupted,0,0,3,1,1,3,0,0,3,0,0,1,1,1,1,3,1,0,3,1
Approved,lackluster,goal-less,scoreless,lacklustre,sluggish,listless,dismal,goalless,european championship qualifying,disappointing,world cup qualifying,seesaw,directionless,shaky,disastrous,scrappy,dull,hard-fought,torrid,slow,rain-interrupted,0,0,3,1,1,0,1,0,3,0,0,2,0,0,0,3,0,0,0,0
Approved,lackluster,goal-less,scoreless,lacklustre,sluggish,listless,dismal,goalless,european championship qualifying,disappointing,world cup qualifying,seesaw,directionless,shaky,disastrous,scrappy,dull,hard-fought,torrid,slow,rain-interrupted,1,1,3,2,3,3,1,0,3,0,0,1,2,0,1,3,1,0,2,0
Approved,lay the groundwork,pave the way,build support,drum up support,prepare the ground,prepare,raise money,rally support,set the stage,clear the way,win support,discuss preparations,them prepare,be fit,raise funds,smooth the way,set the agenda,lay the foundation,prepare the way,set a date,him prepare,3,3,2,3,3,1,3,3,3,0,1,2,0,1,3,2,3,3,0,1
Approved,lay the groundwork,pave the way,build support,drum up support,prepare the ground,prepare,raise money,rally support,set the stage,clear the way,win support,discuss preparations,them prepare,be fit,raise funds,smooth the way,set the agenda,lay the foundation,prepare the way,set a date,him prepare,3,2,2,3,2,2,2,3,2,2,2,1,0,2,2,3,3,3,1,1
Approved,lay the groundwork,pave the way,build support,drum up support,prepare the ground,prepare,raise money,rally support,set the stage,clear the way,win support,discuss preparations,them prepare,be fit,raise funds,smooth the way,set the agenda,lay the foundation,prepare the way,set a date,him prepare,3,3,3,3,3,2,2,3,3,2,2,2,1,2,3,3,3,3,2,2
Rejected,make ends meet,stay afloat,keep afloat,find a niche,get on with their lives,put food,get a grip,survive,plug holes,enter japan,reinvent itself,stay alive,position himself,make their mark,remain relevant,play through it,win a spot,get a vote,right itself,assert its authority,quell violence,2,2,0,1,0,1,3,0,0,0,2,1,0,0,1,0,0,1,0,0
Rejected,make ends meet,stay afloat,keep afloat,find a niche,get on with their lives,put food,get a grip,survive,plug holes,enter japan,reinvent itself,stay alive,position himself,make their mark,remain relevant,play through it,win a spot,get a vote,right itself,assert its authority,quell violence,0,0,0,1,0,0,3,0,0,0,1,0,0,0,0,0,0,0,0,0
Approved,make ends meet,stay afloat,keep afloat,find a niche,get on with their lives,put food,get a grip,survive,plug holes,enter japan,reinvent itself,stay alive,position himself,make their mark,remain relevant,play through it,win a spot,get a vote,right itself,assert its authority,quell violence,3,3,1,2,3,1,3,2,0,1,3,1,1,2,1,1,1,1,0,0
Approved,make ends meet,stay afloat,keep afloat,find a niche,get on with their lives,put food,get a grip,survive,plug holes,enter japan,reinvent itself,stay alive,position himself,make their mark,remain relevant,play through it,win a spot,get a vote,right itself,assert its authority,quell violence,3,3,0,2,2,0,2,0,0,0,3,0,0,0,0,0,0,0,0,0
Approved,make ends meet,stay afloat,keep afloat,find a niche,get on with their lives,put food,get a grip,survive,plug holes,enter japan,reinvent itself,stay alive,position himself,make their mark,remain relevant,play through it,win a spot,get a vote,right itself,assert its authority,quell violence,3,3,1,2,2,3,3,2,0,0,3,1,0,0,0,0,0,0,0,0
Approved,mitigate,cushion,minimize,them cope with,minimise,lessen,alleviate,mitigate the,offset,soften,them fight,tackle,it cope with,ease,counter,assess,cope with,help lessen,them survive,solve,help offset,3,3,1,3,3,3,1,3,3,0,0,1,3,0,2,2,2,1,0,2
Approved,mitigate,cushion,minimize,them cope with,minimise,lessen,alleviate,mitigate the,offset,soften,them fight,tackle,it cope with,ease,counter,assess,cope with,help lessen,them survive,solve,help offset,2,2,1,3,3,2,3,1,2,0,0,0,2,1,0,1,2,0,1,1
Approved,mitigate,cushion,minimize,them cope with,minimise,lessen,alleviate,mitigate the,offset,soften,them fight,tackle,it cope with,ease,counter,assess,cope with,help lessen,them survive,solve,help offset,3,3,2,3,3,3,3,3,3,1,1,1,3,2,2,1,3,1,1,3
Approved,phenomenal,fantastic,2.2 percent annual,pretty good,very good,terrific,rapid,3.5 percent annual,tremendous,bang-up,very rapid,really good,much slower,3 percent annual,runaway,2 percent annual,remarkable,slower,heck of a,real good,breakneck,3,0,2,2,3,1,0,3,2,1,2,0,0,0,0,2,0,0,2,1
Approved,phenomenal,fantastic,2.2 percent annual,pretty good,very good,terrific,rapid,3.5 percent annual,tremendous,bang-up,very rapid,really good,much slower,3 percent annual,runaway,2 percent annual,remarkable,slower,heck of a,real good,breakneck,3,0,1,2,3,0,0,3,0,0,2,0,0,0,0,3,0,2,2,0
Approved,phenomenal,fantastic,2.2 percent annual,pretty good,very good,terrific,rapid,3.5 percent annual,tremendous,bang-up,very rapid,really good,much slower,3 percent annual,runaway,2 percent annual,remarkable,slower,heck of a,real good,breakneck,3,0,2,2,3,0,0,3,3,0,2,0,0,0,0,3,0,2,2,0
Approved,reason to believe,reason to think,"evidence , however",already ruled,doubt,reason to think that,reason to believe that,reason why,reason to assume,doubt in my mind,reasons to believe,immediate indication,evidence to indicate,consensus on whether,also estimated,evidence to suggest,recommended,"details , saying only",indication that,concluded,reason to expect,2,1,0,1,2,2,1,1,1,3,1,1,1,0,2,0,1,1,0,1
Approved,reason to believe,reason to think,"evidence , however",already ruled,doubt,reason to think that,reason to believe that,reason why,reason to assume,doubt in my mind,reasons to believe,immediate indication,evidence to indicate,consensus on whether,also estimated,evidence to suggest,recommended,"details , saying only",indication that,concluded,reason to expect,3,2,0,1,3,2,2,3,1,2,2,2,0,0,3,2,0,2,1,3
Approved,reason to believe,reason to think,"evidence , however",already ruled,doubt,reason to think that,reason to believe that,reason why,reason to assume,doubt in my mind,reasons to believe,immediate indication,evidence to indicate,consensus on whether,also estimated,evidence to suggest,recommended,"details , saying only",indication that,concluded,reason to expect,2,1,2,1,2,2,1,1,1,2,2,3,3,0,3,1,2,2,2,1
Approved,refused to talk,did not speak,was speaking,refused to speak,declined to speak,made no comments,declined to talk,made no comment,did not talk,made no statements,called for an end,spoke briefly,did n't talk,stopped speaking,did n't speak,refused to negotiate,voiced opposition,denied any connection,denied any links,was talking,rarely speak,3,1,3,3,2,3,2,3,3,1,1,3,3,3,2,1,0,0,1,1
Approved,refused to talk,did not speak,was speaking,refused to speak,declined to speak,made no comments,declined to talk,made no comment,did not talk,made no statements,called for an end,spoke briefly,did n't talk,stopped speaking,did n't speak,refused to negotiate,voiced opposition,denied any connection,denied any links,was talking,rarely speak,3,1,3,2,2,2,2,2,2,1,1,2,1,2,1,1,1,1,1,1
Approved,refused to talk,did not speak,was speaking,refused to speak,declined to speak,made no comments,declined to talk,made no comment,did not talk,made no statements,called for an end,spoke briefly,did n't talk,stopped speaking,did n't speak,refused to negotiate,voiced opposition,denied any connection,denied any links,was talking,rarely speak,3,1,3,3,3,3,3,3,3,0,1,3,3,3,3,1,2,2,1,1
Approved,repercussions,consequences,retribution,implications,reprisals,effects,impacts,fallout,ramifications,specifics,impact,exception,economic effects,reprisal,viability,possible repercussions,contents,underpinnings,formation,repercussion,possible deployment,3,2,2,0,3,2,2,3,0,3,0,2,0,0,3,0,0,0,2,0
Approved,repercussions,consequences,retribution,implications,reprisals,effects,impacts,fallout,ramifications,specifics,impact,exception,economic effects,reprisal,viability,possible repercussions,contents,underpinnings,formation,repercussion,possible deployment,3,1,2,1,3,3,1,3,0,3,0,1,1,0,2,0,0,0,2,1
Rejected,repercussions,consequences,retribution,implications,reprisals,effects,impacts,fallout,ramifications,specifics,impact,exception,economic effects,reprisal,viability,possible repercussions,contents,underpinnings,formation,repercussion,possible deployment,3,3,2,3,3,3,3,3,0,3,2,2,2,1,2,1,1,1,3,2
Approved,repercussions,consequences,retribution,implications,reprisals,effects,impacts,fallout,ramifications,specifics,impact,exception,economic effects,reprisal,viability,possible repercussions,contents,underpinnings,formation,repercussion,possible deployment,3,1,2,2,3,3,2,3,0,1,0,1,1,0,2,0,0,0,3,0
Rejected,sea change,turning point,fundamental shift,major turning point,tenfold increase,new phase,significant milestone,sea-change,significant shift,major shift,new stage,key milestone,shift,very important moment,milestone,watershed,sharp escalation,historic milestone,significant step forward,major step forward,new milestone,1,3,3,1,3,2,1,2,2,2,2,3,1,1,0,0,2,2,2,2
Approved,sea change,turning point,fundamental shift,major turning point,tenfold increase,new phase,significant milestone,sea-change,significant shift,major shift,new stage,key milestone,shift,very important moment,milestone,watershed,sharp escalation,historic milestone,significant step forward,major step forward,new milestone,3,3,3,1,2,3,3,3,3,3,3,2,2,3,3,2,3,3,3,3
Rejected,sea change,turning point,fundamental shift,major turning point,tenfold increase,new phase,significant milestone,sea-change,significant shift,major shift,new stage,key milestone,shift,very important moment,milestone,watershed,sharp escalation,historic milestone,significant step forward,major step forward,new milestone,0,2,2,1,1,1,2,2,3,1,0,3,1,0,2,3,1,2,2,1
Approved,sea change,turning point,fundamental shift,major turning point,tenfold increase,new phase,significant milestone,sea-change,significant shift,major shift,new stage,key milestone,shift,very important moment,milestone,watershed,sharp escalation,historic milestone,significant step forward,major step forward,new milestone,2,3,2,0,0,0,3,3,3,0,0,2,0,0,0,0,0,0,0,0
Approved,sea change,turning point,fundamental shift,major turning point,tenfold increase,new phase,significant milestone,sea-change,significant shift,major shift,new stage,key milestone,shift,very important moment,milestone,watershed,sharp escalation,historic milestone,significant step forward,major step forward,new milestone,3,1,3,2,3,3,3,3,3,3,3,3,2,3,0,3,3,3,3,3
Rejected,sea change,turning point,fundamental shift,major turning point,tenfold increase,new phase,significant milestone,sea-change,significant shift,major shift,new stage,key milestone,shift,very important moment,milestone,watershed,sharp escalation,historic milestone,significant step forward,major step forward,new milestone,1,1,2,1,1,1,3,1,1,1,1,3,1,1,1,1,1,1,1,1
Approved,seriously injured,also injured,also wounded,injured,wounded,reported injured,killed and 50 injured,slightly injured,killed and more than 100 injured,confirmed dead,reported killed,killed and hundreds injured,killed and 15 injured,killed and 30 wounded,confirmed killed,killed and seven injured,reportedly killed,killed and 40 wounded,killed or wounded,believed killed,evacuated from their homes,2,2,3,3,2,2,1,2,1,1,1,1,1,1,1,1,1,1,1,0
Approved,seriously injured,also injured,also wounded,injured,wounded,reported injured,killed and 50 injured,slightly injured,killed and more than 100 injured,confirmed dead,reported killed,killed and hundreds injured,killed and 15 injured,killed and 30 wounded,confirmed killed,killed and seven injured,reportedly killed,killed and 40 wounded,killed or wounded,believed killed,evacuated from their homes,1,1,3,3,2,1,1,1,0,0,1,1,1,0,1,0,1,1,0,0
Approved,seriously injured,also injured,also wounded,injured,wounded,reported injured,killed and 50 injured,slightly injured,killed and more than 100 injured,confirmed dead,reported killed,killed and hundreds injured,killed and 15 injured,killed and 30 wounded,confirmed killed,killed and seven injured,reportedly killed,killed and 40 wounded,killed or wounded,believed killed,evacuated from their homes,2,2,3,3,2,2,2,2,1,1,1,1,1,1,1,1,1,1,1,1
Approved,stark,vivid,jarring,bleak,distinct,textural,starker,sober,shining,haunting,eerie,congratulatory,majestic,an unmistakable,somber,harsh,gentle,wistful,a notable,wrenching,"living , breathing",3,3,3,3,3,2,0,3,3,3,0,3,0,3,3,1,1,0,3,0
Rejected,stark,vivid,jarring,bleak,distinct,textural,starker,sober,shining,haunting,eerie,congratulatory,majestic,an unmistakable,somber,harsh,gentle,wistful,a notable,wrenching,"living , breathing",2,1,3,1,0,2,2,0,2,2,0,0,1,3,3,0,0,1,2,0
Approved,stark,vivid,jarring,bleak,distinct,textural,starker,sober,shining,haunting,eerie,congratulatory,majestic,an unmistakable,somber,harsh,gentle,wistful,a notable,wrenching,"living , breathing",3,2,1,3,2,3,0,2,2,2,0,0,2,2,0,0,0,3,0,0
Approved,stark,vivid,jarring,bleak,distinct,textural,starker,sober,shining,haunting,eerie,congratulatory,majestic,an unmistakable,somber,harsh,gentle,wistful,a notable,wrenching,"living , breathing",2,2,0,2,0,2,2,2,1,0,0,2,2,2,2,0,0,3,1,0
Approved,step up to the plate,stand up,break par,win a medal,find the net,live up to expectations,score a point,score a goal,win a game,win a match,get down to business,win a majority,score a touchdown,roll up their sleeves,earn a spot,impress,establish himself,go out on a limb,step up,do great things,make a dent,3,0,0,0,1,1,1,0,0,3,0,0,3,0,2,2,1,3,1,0
Approved,step up to the plate,stand up,break par,win a medal,find the net,live up to expectations,score a point,score a goal,win a game,win a match,get down to business,win a majority,score a touchdown,roll up their sleeves,earn a spot,impress,establish himself,go out on a limb,step up,do great things,make a dent,2,1,0,0,0,1,1,1,1,1,0,1,2,0,0,1,0,2,0,0
Approved,step up to the plate,stand up,break par,win a medal,find the net,live up to expectations,score a point,score a goal,win a game,win a match,get down to business,win a majority,score a touchdown,roll up their sleeves,earn a spot,impress,establish himself,go out on a limb,step up,do great things,make a dent,2,0,0,0,1,0,0,0,0,1,0,0,0,0,1,0,0,3,2,1
Approved,stepping stone,omen,steppingstone,obstacle,impediment,springboard,contributing factor,contributor,transit point,jumping-off point,prelude,precursor,stumbling block,role model,supplier of oil,step on the way,supplier,gateway,setback,oil supplier,step forward,0,3,1,1,3,3,3,0,0,1,1,1,0,0,3,0,0,1,0,1
Approved,stepping stone,omen,steppingstone,obstacle,impediment,springboard,contributing factor,contributor,transit point,jumping-off point,prelude,precursor,stumbling block,role model,supplier of oil,step on the way,supplier,gateway,setback,oil supplier,step forward,0,3,1,1,3,2,2,2,3,2,3,1,0,0,2,0,2,1,0,2
Approved,stepping stone,omen,steppingstone,obstacle,impediment,springboard,contributing factor,contributor,transit point,jumping-off point,prelude,precursor,stumbling block,role model,supplier of oil,step on the way,supplier,gateway,setback,oil supplier,step forward,0,3,1,1,3,3,2,2,3,1,1,1,0,0,3,0,3,1,0,2
Approved,strike a balance,drive a wedge,bridge the gap,draw a distinction,broker an agreement,mediate,find a balance,broker peace,bridge the differences,establish a link,find a middle ground,put distance,broker a truce,make a distinction,narrow the gaps,work out a compromise,bridge the gaps,broker a peace agreement,reconcile differences,arrange a meeting,break the ice,1,3,0,3,2,3,2,3,0,3,1,2,0,3,2,3,2,2,1,2
Rejected,strike a balance,drive a wedge,bridge the gap,draw a distinction,broker an agreement,mediate,find a balance,broker peace,bridge the differences,establish a link,find a middle ground,put distance,broker a truce,make a distinction,narrow the gaps,work out a compromise,bridge the gaps,broker a peace agreement,reconcile differences,arrange a meeting,break the ice,0,3,1,3,3,3,3,3,3,3,1,3,0,2,3,3,3,1,0,0
Approved,strike a balance,drive a wedge,bridge the gap,draw a distinction,broker an agreement,mediate,find a balance,broker peace,bridge the differences,establish a link,find a middle ground,put distance,broker a truce,make a distinction,narrow the gaps,work out a compromise,bridge the gaps,broker a peace agreement,reconcile differences,arrange a meeting,break the ice,0,1,0,0,1,3,0,2,0,2,0,1,0,1,2,2,0,1,0,0
Approved,strike a balance,drive a wedge,bridge the gap,draw a distinction,broker an agreement,mediate,find a balance,broker peace,bridge the differences,establish a link,find a middle ground,put distance,broker a truce,make a distinction,narrow the gaps,work out a compromise,bridge the gaps,broker a peace agreement,reconcile differences,arrange a meeting,break the ice,0,2,0,2,1,3,2,2,2,3,0,2,1,2,3,3,1,2,1,1
Approved,tainted,dogged,marred,contaminated,plagued,tarnished,laced,hiv-tainted,adulterated,overshadowed,rocked,sullied,buffeted,melamine-tainted,unheated,tarred,thrown into disarray,toxic,also marred,further tarnished,found to be contaminated,3,3,3,3,3,3,2,3,1,0,3,3,1,0,3,1,1,2,2,2
Approved,tainted,dogged,marred,contaminated,plagued,tarnished,laced,hiv-tainted,adulterated,overshadowed,rocked,sullied,buffeted,melamine-tainted,unheated,tarred,thrown into disarray,toxic,also marred,further tarnished,found to be contaminated,0,3,3,3,3,3,3,3,0,0,3,0,3,1,2,0,3,2,2,2
Rejected,tainted,dogged,marred,contaminated,plagued,tarnished,laced,hiv-tainted,adulterated,overshadowed,rocked,sullied,buffeted,melamine-tainted,unheated,tarred,thrown into disarray,toxic,also marred,further tarnished,found to be contaminated,0,2,3,1,2,2,2,0,0,0,1,0,1,0,0,0,1,1,1,3
Approved,tainted,dogged,marred,contaminated,plagued,tarnished,laced,hiv-tainted,adulterated,overshadowed,rocked,sullied,buffeted,melamine-tainted,unheated,tarred,thrown into disarray,toxic,also marred,further tarnished,found to be contaminated,2,3,3,3,3,2,2,3,2,1,3,2,2,1,1,2,3,3,3,3
Approved,television show,tv show,cbs news program,cbs program,tourist destinations,television program,television programme,news program,tourist destination,illicit drug,radio address saturday,33rd,travel destination,cbs show,political figure,radio show,stock funds,12-month basis,tv program,women 's magazine,dietary supplements,3,2,2,0,3,3,2,0,0,1,0,0,2,0,1,0,0,3,1,0
Approved,television show,tv show,cbs news program,cbs program,tourist destinations,television program,television programme,news program,tourist destination,illicit drug,radio address saturday,33rd,travel destination,cbs show,political figure,radio show,stock funds,12-month basis,tv program,women 's magazine,dietary supplements,3,2,2,0,3,3,2,0,0,0,0,0,2,0,0,0,0,3,0,0
Approved,television show,tv show,cbs news program,cbs program,tourist destinations,television program,television programme,news program,tourist destination,illicit drug,radio address saturday,33rd,travel destination,cbs show,political figure,radio show,stock funds,12-month basis,tv program,women 's magazine,dietary supplements,3,3,3,0,3,3,2,0,0,1,0,0,2,0,0,0,0,3,1,0
Rejected,tentative agreement,preliminary agreement,tentative deal,tentative contract agreement,basic agreement,separate agreement,financial settlement,deal friday,tentative settlement,last-minute agreement,settlement agreement,ceasefire agreement,compromise agreement,verbal agreement,consensus,partial settlement,contract agreement,broad agreement,similar agreement,draft agreement,compromise,0,3,3,0,0,0,0,3,0,0,0,0,0,0,0,0,1,0,0,0
Approved,tentative agreement,preliminary agreement,tentative deal,tentative contract agreement,basic agreement,separate agreement,financial settlement,deal friday,tentative settlement,last-minute agreement,settlement agreement,ceasefire agreement,compromise agreement,verbal agreement,consensus,partial settlement,contract agreement,broad agreement,similar agreement,draft agreement,compromise,2,3,3,0,0,0,0,3,0,0,1,0,1,1,0,0,0,0,0,1
Approved,tentative agreement,preliminary agreement,tentative deal,tentative contract agreement,basic agreement,separate agreement,financial settlement,deal friday,tentative settlement,last-minute agreement,settlement agreement,ceasefire agreement,compromise agreement,verbal agreement,consensus,partial settlement,contract agreement,broad agreement,similar agreement,draft agreement,compromise,3,3,2,2,1,1,1,2,1,3,2,2,3,1,1,2,1,1,2,2
Approved,tentative agreement,preliminary agreement,tentative deal,tentative contract agreement,basic agreement,separate agreement,financial settlement,deal friday,tentative settlement,last-minute agreement,settlement agreement,ceasefire agreement,compromise agreement,verbal agreement,consensus,partial settlement,contract agreement,broad agreement,similar agreement,draft agreement,compromise,3,3,3,2,0,2,0,3,2,2,1,2,2,2,3,2,2,1,3,2
Approved,terrorist attack,oil spill,act of terrorism,natural disaster,mass shootings,mass shooting,terror attack,environmental disaster,single attack,school shooting,environmental disasters,terrorist act,bioterrorism attack,violence seen,terrorist strike,terrorist assault,air disaster,natural disasters,humanitarian crisis,train accident,industrial accident,0,3,0,1,1,3,0,1,0,0,3,3,0,3,3,0,0,1,0,0
Approved,terrorist attack,oil spill,act of terrorism,natural disaster,mass shootings,mass shooting,terror attack,environmental disaster,single attack,school shooting,environmental disasters,terrorist act,bioterrorism attack,violence seen,terrorist strike,terrorist assault,air disaster,natural disasters,humanitarian crisis,train accident,industrial accident,0,3,0,1,1,3,0,2,0,0,3,2,1,2,1,0,0,1,0,0
Approved,terrorist attack,oil spill,act of terrorism,natural disaster,mass shootings,mass shooting,terror attack,environmental disaster,single attack,school shooting,environmental disasters,terrorist act,bioterrorism attack,violence seen,terrorist strike,terrorist assault,air disaster,natural disasters,humanitarian crisis,train accident,industrial accident,0,3,0,2,2,3,0,1,1,0,3,2,1,2,2,0,0,1,0,0
Approved,terrorist group,terrorist organisation,terrorist organization,terror organization,terror organisation,terrorist outfit,state only,foreign terrorist organization,militant network,world heritage site,war crime,terror network,terrorist movement,southeast asian terror group,state sponsor of terrorism,prisoner of conscience,regional terror group,country only,political prisoner,lucky number,repeat offender,3,3,3,3,3,0,3,3,0,1,3,3,2,2,1,3,0,1,0,0
Approved,terrorist group,terrorist organisation,terrorist organization,terror organization,terror organisation,terrorist outfit,state only,foreign terrorist organization,militant network,world heritage site,war crime,terror network,terrorist movement,southeast asian terror group,state sponsor of terrorism,prisoner of conscience,regional terror group,country only,political prisoner,lucky number,repeat offender,3,3,3,3,3,0,2,2,0,1,2,2,2,1,0,2,0,0,0,0
Rejected,terrorist group,terrorist organisation,terrorist organization,terror organization,terror organisation,terrorist outfit,state only,foreign terrorist organization,militant network,world heritage site,war crime,terror network,terrorist movement,southeast asian terror group,state sponsor of terrorism,prisoner of conscience,regional terror group,country only,political prisoner,lucky number,repeat offender,0,3,1,1,2,0,3,2,0,1,1,2,2,3,0,3,0,1,0,1
Approved,terrorist group,terrorist organisation,terrorist organization,terror organization,terror organisation,terrorist outfit,state only,foreign terrorist organization,militant network,world heritage site,war crime,terror network,terrorist movement,southeast asian terror group,state sponsor of terrorism,prisoner of conscience,regional terror group,country only,political prisoner,lucky number,repeat offender,3,3,3,3,3,0,2,2,0,1,2,2,3,1,0,3,0,1,0,0
Approved,the most important thing,the important thing,the goal here,what is important now,your best bet,what is important,the important point,the best thing for me,the most important thing for us,what 's important,the answer to that,the big thing,what 's more important,the lesson here,the general feeling,the biggest thing,the important thing now,the interesting thing,my mentality,what i 've learned,the bottom line,3,2,3,0,2,3,1,3,3,0,3,3,3,2,3,3,3,0,2,3
Approved,the most important thing,the important thing,the goal here,what is important now,your best bet,what is important,the important point,the best thing for me,the most important thing for us,what 's important,the answer to that,the big thing,what 's more important,the lesson here,the general feeling,the biggest thing,the important thing now,the interesting thing,my mentality,what i 've learned,the bottom line,2,1,1,1,2,2,1,2,3,1,2,2,2,1,1,2,1,1,0,1
Approved,the most important thing,the important thing,the goal here,what is important now,your best bet,what is important,the important point,the best thing for me,the most important thing for us,what 's important,the answer to that,the big thing,what 's more important,the lesson here,the general feeling,the biggest thing,the important thing now,the interesting thing,my mentality,what i 've learned,the bottom line,3,3,3,0,3,3,2,3,3,1,3,2,2,0,2,3,1,0,1,3
Approved,to analyze,to analyse,to think about it,to continue to do,interesting to see,to keep doing,to assess,to evaluate,to talk him out of,to sugarcoat,to have to deal with,to search through,to review,not to think about,to be able to do,to plug into,to look at,to worry about it,to devote to,to jinx,to fix,3,2,0,0,0,3,3,0,0,0,1,1,0,0,0,1,0,0,0,0
Approved,to analyze,to analyse,to think about it,to continue to do,interesting to see,to keep doing,to assess,to evaluate,to talk him out of,to sugarcoat,to have to deal with,to search through,to review,not to think about,to be able to do,to plug into,to look at,to worry about it,to devote to,to jinx,to fix,3,2,0,0,0,3,3,0,0,0,1,2,0,0,0,1,1,0,0,0
Rejected,to analyze,to analyse,to think about it,to continue to do,interesting to see,to keep doing,to assess,to evaluate,to talk him out of,to sugarcoat,to have to deal with,to search through,to review,not to think about,to be able to do,to plug into,to look at,to worry about it,to devote to,to jinx,to fix,3,3,0,3,3,3,3,0,0,0,2,3,0,0,0,3,1,1,0,1
Approved,to analyze,to analyse,to think about it,to continue to do,interesting to see,to keep doing,to assess,to evaluate,to talk him out of,to sugarcoat,to have to deal with,to search through,to review,not to think about,to be able to do,to plug into,to look at,to worry about it,to devote to,to jinx,to fix,3,3,0,1,0,3,3,0,0,1,2,2,1,0,0,2,1,0,0,0
Approved,vociferous,vocal,fierce,strident,vehement,frequent,harsh,longtime,trenchant,staunch,outspoken,ardent,leading congressional,long-time,virulent,prominent,persistent,fervent,consistent,implacable,vigorous,3,3,3,3,0,3,0,3,0,2,2,0,0,3,3,3,3,3,3,3
Approved,vociferous,vocal,fierce,strident,vehement,frequent,harsh,longtime,trenchant,staunch,outspoken,ardent,leading congressional,long-time,virulent,prominent,persistent,fervent,consistent,implacable,vigorous,2,0,3,3,0,1,0,0,0,3,1,0,0,1,0,0,2,0,0,0
Rejected,vociferous,vocal,fierce,strident,vehement,frequent,harsh,longtime,trenchant,staunch,outspoken,ardent,leading congressional,long-time,virulent,prominent,persistent,fervent,consistent,implacable,vigorous,2,1,3,2,0,2,0,2,1,2,2,0,0,2,1,1,2,0,2,2
Approved,vociferous,vocal,fierce,strident,vehement,frequent,harsh,longtime,trenchant,staunch,outspoken,ardent,leading congressional,long-time,virulent,prominent,persistent,fervent,consistent,implacable,vigorous,2,3,2,3,1,2,0,1,2,3,2,0,1,1,0,1,2,1,0,2
Approved,watchful eye,wary eye,close watch,close eye,tight lid,tight grip,tight rein,keen eye,watchful eyes,firm grip,sharp eye,closer eye,lid,low profile,firm hand,lower profile,chokehold,firm hold,tutelage,relatively low profile,auspices,3,3,3,2,2,2,2,3,2,3,3,1,0,2,1,2,2,0,1,2
Rejected,watchful eye,wary eye,close watch,close eye,tight lid,tight grip,tight rein,keen eye,watchful eyes,firm grip,sharp eye,closer eye,lid,low profile,firm hand,lower profile,chokehold,firm hold,tutelage,relatively low profile,auspices,1,3,3,3,2,3,3,3,3,3,3,1,0,3,0,0,1,3,0,3
Approved,watchful eye,wary eye,close watch,close eye,tight lid,tight grip,tight rein,keen eye,watchful eyes,firm grip,sharp eye,closer eye,lid,low profile,firm hand,lower profile,chokehold,firm hold,tutelage,relatively low profile,auspices,3,3,3,1,1,1,2,3,1,2,2,0,0,1,0,0,1,0,0,0
Approved,watchful eye,wary eye,close watch,close eye,tight lid,tight grip,tight rein,keen eye,watchful eyes,firm grip,sharp eye,closer eye,lid,low profile,firm hand,lower profile,chokehold,firm hold,tutelage,relatively low profile,auspices,3,3,1,0,0,0,2,3,0,2,2,0,0,0,0,0,0,0,0,0
Approved,weapons of mass destruction,"nuclear , chemical and biological weapons programs","nuclear , chemical and biological weapons",weapons of mass destruction ( wmd),wmds,"chemical , biological and nuclear weapons programs",banned weapons,unconventional weapons,alleged weapons of mass destruction,any weapons of mass destruction,"biological , chemical and nuclear weapons",wmd,illicit weapons,nuclear weaponry,such weapons,no weapons of mass destruction,chemical and biological weapons,"chemical , biological and nuclear weapons",august 1990 invasion of kuwait,arms of mass destruction,fledgling security forces,3,3,3,3,2,2,1,2,2,3,3,1,1,1,1,1,2,0,2,0
Approved,weapons of mass destruction,"nuclear , chemical and biological weapons programs","nuclear , chemical and biological weapons",weapons of mass destruction ( wmd),wmds,"chemical , biological and nuclear weapons programs",banned weapons,unconventional weapons,alleged weapons of mass destruction,any weapons of mass destruction,"biological , chemical and nuclear weapons",wmd,illicit weapons,nuclear weaponry,such weapons,no weapons of mass destruction,chemical and biological weapons,"chemical , biological and nuclear weapons",august 1990 invasion of kuwait,arms of mass destruction,fledgling security forces,3,3,3,3,3,3,2,3,3,3,3,2,3,1,0,3,3,0,3,0
Approved,weapons of mass destruction,"nuclear , chemical and biological weapons programs","nuclear , chemical and biological weapons",weapons of mass destruction ( wmd),wmds,"chemical , biological and nuclear weapons programs",banned weapons,unconventional weapons,alleged weapons of mass destruction,any weapons of mass destruction,"biological , chemical and nuclear weapons",wmd,illicit weapons,nuclear weaponry,such weapons,no weapons of mass destruction,chemical and biological weapons,"chemical , biological and nuclear weapons",august 1990 invasion of kuwait,arms of mass destruction,fledgling security forces,2,3,3,3,2,1,0,1,2,3,3,3,3,0,2,3,3,0,2,0
Approved,abject poverty,extreme poverty,grinding poverty,dire poverty,constant fear,poverty,squalor,peace with its neighbors,rural areas,exile,severe poverty,absolute poverty,tent camps,a trailer park,miserable conditions,ruins,deplorable conditions,makeshift camps,the third world,makeshift shelters,the rural areas,3,3,3,0,3,2,0,0,0,3,3,0,0,2,1,1,1,0,1,0
Approved,abject poverty,extreme poverty,grinding poverty,dire poverty,constant fear,poverty,squalor,peace with its neighbors,rural areas,exile,severe poverty,absolute poverty,tent camps,a trailer park,miserable conditions,ruins,deplorable conditions,makeshift camps,the third world,makeshift shelters,the rural areas,3,3,3,1,2,2,0,1,1,3,3,1,1,2,2,2,1,2,1,1
Approved,appalling,abominable,abysmal,squalid,deplorable,subhuman,extremely poor,slave-like,excellent,unconscionable,inhumane,abject,miserable,unfortunate,outrageous,extremely harsh,orderly,dubious,unsanitary,egregious,wretched,3,3,3,3,3,2,2,1,3,3,3,3,3,2,2,1,3,3,3,3
Approved,bridge the gap,drive a wedge,bridge the gaps,bridge the differences,broker an agreement,ease tensions,improve relations,narrow the gaps,broker peace,mediate,strike a balance,find a middle ground,broker a truce,arrange a meeting,bridge differences,broker a peace agreement,defuse tensions,establish a link,narrow the gap,bridge gaps,build trust,1,3,3,2,2,2,3,2,2,3,2,2,1,3,2,2,1,3,3,2
Rejected,broke up,before its collapse,'s collapse,collapsed,fell apart,broke apart,split apart,disintegrated,'s breakup,used tear gas to break up,dissolved,violently broke up,crumbled,'s dissolution,tore apart,tried to stage,dispersed,imploded,tried to break up,was falling apart,broke in two,3,3,3,3,3,3,3,3,2,3,3,3,3,3,0,3,3,2,2,3
Approved,capital punishment,the death penalty,executions,deepwater drilling,juvenile justice,deep-water drilling,settlement construction,death-penalty,immigrants ' rights,national prison,atheism,death penalty,the peace process between israel,the capital punishment,settlement building,school finance,workers ' compensation,auto insurance,criminal justice,use of the death penalty,juvenile prison,3,3,0,1,0,0,3,0,1,0,3,0,3,0,0,0,0,1,3,1
Approved,cell,mobile,cellular,cells for,touch-tone,own mobile,cordless,nokia mobile,molecular,explosives used,their cell,radical plo faction,terrorist cell,wireless,the internet and mobile,satellite,land-line,"computers , cell",portable,tissue,computers and mobile,3,3,3,2,3,2,3,1,1,3,1,3,3,2,1,1,3,2,1,2
Approved,classified information,secret documents,military secrets,classified materials,classified documents,state secrets,sensitive information,the keys,u.s. secrets,security responsibilities,secret information,confidential information,plame 's name,information on the case,atomic secrets,incriminating evidence,all relevant information,information that led,his identity,secrets,all sites,3,3,3,3,2,2,0,2,1,2,3,0,1,2,1,1,1,1,2,0
Approved,condescending,timely,weird,perverse,matter-of-fact,very personal,meaningful,very positive,fair,dignified,strange,a cliche,safe,too early,transparent,not fair,civilized,too soon,hands-off,an exaggeration,very hard,0,0,0,0,0,0,1,0,1,0,0,0,0,0,2,0,0,0,0,0
Approved,congressional committee,congressional panel,senate panel,parliamentary committee,federal grand jury,news conference in nairobi,senate committee,pentagon news conference,"news conference , adding",television interviewer,press conference here today,house panel,congressional subcommittee,press conference today,"press conference , adding",press conference here,press conference after the meeting,regular news conference,senatorial committee,press conference late,senate hearing,3,3,3,2,1,3,1,1,1,1,2,3,1,1,1,1,1,3,1,2
Approved,crimes against humanity,crimes against humanity committed,crimes against humanity for his role,"genocide , crimes against humanity",genocide committed,genocide,genocide charges,other war crimes,conspiracy to commit genocide,complicity in genocide,other atrocities,"crimes against humanity , war crimes",war crimes and crimes against humanity,genocide in bosnia,child rape,murder and attempted murder,genocide and crimes against humanity,those who participated,war crimes committed,first-degree murder,"war crimes , crimes against humanity",3,3,3,2,2,2,2,2,2,2,3,3,2,1,1,3,0,2,1,3
Approved,defense attorney,senior government official,hospital spokesman,person briefed on the matter,judicial source,senior defense official,simpson attorney,united nations spokesman,person familiar with the matter,health official,senior south korean official,senior japanese official,world health organization official,party official,court spokesman,private research group,senior russian diplomat,criminal defense attorney,senior police officer,military official,senior u.s. military official,1,1,1,1,3,2,1,1,1,1,1,1,1,1,0,1,3,1,1,1
Approved,economic reforms,security developments,security reforms,economic stability,economic change,economic life,criminal violence,economic chaos,social reforms,economic instability,the bosnian war,economic force,social turmoil,economic changes,social stability,economic crises,cultural life,military figures,business leaders,business elite,other differences,1,1,2,3,1,0,1,2,1,0,1,1,3,1,1,0,0,1,1,0
Approved,endorse,publicly endorse,approve,ratify,vote this week on,accept,announce,adopt,sign off on,unveil,identify,formally endorse,formally approve,single out,vote on,vote thursday on,mention,countenance,sign,give details of,immediately comment on,3,3,3,1,3,1,2,2,1,0,3,3,0,1,1,0,3,0,0,0
Approved,euthanasia,voluntary euthanasia,confirmed swine flu,criminal procedure,republican congressional,performance-enhancing,same-sex marriage,homosexuality,pimping,mccain-feingold campaign finance,high-profile murder,adult stem cells,rule of,new bankruptcy,gay rights,anti-monopoly,school prayer,new basic,gun control,muslim immigrants,anti-secession,3,0,1,1,0,0,0,0,0,0,0,0,0,0,0,0,0,0,0,0
Approved,extremely difficult,nearly impossible,far too early,increasingly difficult,virtually impossible,still hard,opportune,far more difficult,much easier,untenable,just too early,much more difficult,much too early,really hard,a little too early,even more difficult,not fair,tempting,important for people,still difficult,far too soon,3,0,1,3,2,0,2,0,1,0,2,0,3,0,2,0,0,0,1,0
Approved,extremely difficult,nearly impossible,far too early,increasingly difficult,virtually impossible,still hard,opportune,far more difficult,much easier,untenable,just too early,much more difficult,much too early,really hard,a little too early,even more difficult,not fair,tempting,important for people,still difficult,far too soon,3,0,3,3,3,1,3,1,2,0,3,0,3,0,3,1,0,0,3,0
Approved,failure to comply,nuclear standoff,nuclear ambitions,compliance with,the roadmap,he disagreed,it would comply,that the process,frustration,results,tendency,trade relations,coordination,agents,refusing to cooperate,ultimatum,the law,he disagrees,use,espionage,threatened,0,0,1,0,0,1,0,0,0,0,0,0,0,2,0,0,1,0,0,0
Approved,failure to comply,nuclear standoff,nuclear ambitions,compliance with,the roadmap,he disagreed,it would comply,that the process,frustration,results,tendency,trade relations,coordination,agents,refusing to cooperate,ultimatum,the law,he disagrees,use,espionage,threatened,0,0,1,0,2,1,0,1,0,0,1,1,0,3,1,1,0,0,1,1
Approved,go the extra mile,pay a premium,do whatever it took,do what it takes,pay top dollar,settle for less,do whatever it takes,pay more,wait a little longer,'re trying,make joint efforts,work very hard,'re doing everything we can,make an exception,pay a high price,work hard,go to great lengths,pay extra,'re not going,sacrifice themselves,take risks,2,3,3,2,1,3,2,0,1,1,2,2,0,2,2,3,2,0,2,2
Approved,had an affair,had a sexual relationship,'s affair,a sexual relationship,had had an affair,'s relationship,had sex,'s alleged affair,an affair,had sexual relations,was having an affair,had an extramarital affair,had a relationship,had fallen in love,unlawful sex,an intimate relationship,a sexual affair,and his relationship,'s first term,sexual relations,an improper relationship,2,3,2,3,2,2,3,3,2,3,3,2,1,1,2,3,2,0,2,2
Approved,hard to find,a step in,very hard to find,tough to find,not easy to find,difficult to find,going to take a long,hard to think of,tough to get,going to take some,important to have,hard to imagine,very difficult to find,hard to get,easy to find,not hard to find,taken a long,all about getting,hard-pressed to find,definitely going to be,probably not,0,3,3,3,3,1,3,3,1,0,2,3,3,1,1,2,1,3,0,0
Approved,heavy artillery,artillery,mortar,heavy weapons,suicide bomb,heavy rocket,rocket,heavy guns,massive car bomb,russian artillery,suicide car bomb,artillery and mortar,machine-gun,heavy machine gun,car-bomb,attack helicopters,their heavy weapons,rocket-propelled grenade ( rpg),grenade,small arms,heavy mortar,3,3,2,1,2,2,2,1,3,1,3,1,1,1,1,1,1,1,1,1
Approved,heavy artillery,artillery,mortar,heavy weapons,suicide bomb,heavy rocket,rocket,heavy guns,massive car bomb,russian artillery,suicide car bomb,artillery and mortar,machine-gun,heavy machine gun,car-bomb,attack helicopters,their heavy weapons,rocket-propelled grenade ( rpg),grenade,small arms,heavy mortar,3,3,3,2,2,3,2,3,3,2,3,3,2,2,3,2,3,2,1,3
Approved,held hostage,taken hostage,kidnapped,being held hostage,held captive,taken hostages,who had been held hostage,abducted,killed in action,have been held hostage,killed or died,killed by hostile fire,a member of al-qaida,no movement,were taken hostage,kidnapped last week,a quiet day,the target of attacks,who was kidnapped,frequently targeted,killed in combat,3,2,3,3,3,2,2,1,2,1,1,1,0,3,2,0,1,2,1,1
Approved,imminent danger,danger,immediate threat,imminent threat,immediate danger,present danger,real danger,jeopardy,no immediate danger,horrors,serious danger,dangers,any danger,ravages,threat,growing threat,no danger,grave danger,substantial risk,outbreak,constant danger,2,3,3,3,3,3,2,1,1,3,2,2,1,2,2,1,3,3,1,3
Rejected,information about,immediate comment on,immediate information about,immediate information on,information on,knowledge of,recollection of,details on,jurisdiction in,jurisdiction to hear,further information on,word on,details about,other details on,more information about,other information about,further details on,new information on,immediate report on,claim of responsibility for,comment about,2,1,3,2,3,3,1,2,2,3,1,0,3,3,2,1,1,2,2,2
Approved,information about,immediate comment on,immediate information about,immediate information on,information on,knowledge of,recollection of,details on,jurisdiction in,jurisdiction to hear,further information on,word on,details about,other details on,more information about,other information about,further details on,new information on,immediate report on,claim of responsibility for,comment about,2,3,3,3,3,2,3,1,1,3,2,3,3,3,3,3,3,3,1,1
Approved,it is fair to say,it 's fair to say,it 's safe to say,the important point is,it 's important,it 's very important,it 's unfortunate,it 's very unfortunate,it is important,it is safe to say,it 's pretty clear,it 's inevitable,it 's very unlikely,it 's wonderful,it 's a shame,it 's outrageous,it 's clear,it 's great,it is unfortunate,it is very important,it 's important to understand,3,3,1,1,1,0,0,1,3,2,0,0,0,0,0,3,0,0,1,1
Approved,lackluster,goal-less,scoreless,lacklustre,sluggish,listless,dismal,goalless,european championship qualifying,disappointing,world cup qualifying,seesaw,directionless,shaky,disastrous,scrappy,dull,hard-fought,torrid,slow,rain-interrupted,0,3,3,2,3,3,0,0,2,0,0,2,2,2,3,3,1,2,2,0
Approved,lay the groundwork,pave the way,build support,drum up support,prepare the ground,prepare,raise money,rally support,set the stage,clear the way,win support,discuss preparations,them prepare,be fit,raise funds,smooth the way,set the agenda,lay the foundation,prepare the way,set a date,him prepare,3,2,2,3,2,2,2,3,2,2,2,2,0,2,3,2,3,3,0,2
Approved,make ends meet,stay afloat,keep afloat,find a niche,get on with their lives,put food,get a grip,survive,plug holes,enter japan,reinvent itself,stay alive,position himself,make their mark,remain relevant,play through it,win a spot,get a vote,right itself,assert its authority,quell violence,3,3,0,1,2,0,2,0,0,0,3,0,0,0,0,0,0,0,0,0
Approved,mitigate,cushion,minimize,them cope with,minimise,lessen,alleviate,mitigate the,offset,soften,them fight,tackle,it cope with,ease,counter,assess,cope with,help lessen,them survive,solve,help offset,2,3,2,3,2,2,3,3,2,0,0,2,2,2,0,2,3,0,1,3
Rejected,mitigate,cushion,minimize,them cope with,minimise,lessen,alleviate,mitigate the,offset,soften,them fight,tackle,it cope with,ease,counter,assess,cope with,help lessen,them survive,solve,help offset,2,3,3,2,2,2,3,3,3,2,2,2,2,2,2,2,3,1,2,3
Approved,mitigate,cushion,minimize,them cope with,minimise,lessen,alleviate,mitigate the,offset,soften,them fight,tackle,it cope with,ease,counter,assess,cope with,help lessen,them survive,solve,help offset,2,3,0,3,3,2,2,3,3,0,0,1,3,1,0,2,3,0,1,3
Approved,phenomenal,fantastic,2.2 percent annual,pretty good,very good,terrific,rapid,3.5 percent annual,tremendous,bang-up,very rapid,really good,much slower,3 percent annual,runaway,2 percent annual,remarkable,slower,heck of a,real good,breakneck,3,0,2,3,3,2,0,3,2,2,2,1,0,3,0,3,1,2,2,3
Approved,reason to believe,reason to think,"evidence , however",already ruled,doubt,reason to think that,reason to believe that,reason why,reason to assume,doubt in my mind,reasons to believe,immediate indication,evidence to indicate,consensus on whether,also estimated,evidence to suggest,recommended,"details , saying only",indication that,concluded,reason to expect,3,2,1,0,3,3,2,3,1,3,3,3,2,2,3,0,1,2,1,3
Approved,reason to believe,reason to think,"evidence , however",already ruled,doubt,reason to think that,reason to believe that,reason why,reason to assume,doubt in my mind,reasons to believe,immediate indication,evidence to indicate,consensus on whether,also estimated,evidence to suggest,recommended,"details , saying only",indication that,concluded,reason to expect,3,2,1,1,3,3,2,3,1,3,2,3,1,2,3,2,1,2,2,3
Approved,refused to talk,did not speak,was speaking,refused to speak,declined to speak,made no comments,declined to talk,made no comment,did not talk,made no statements,called for an end,spoke briefly,did n't talk,stopped speaking,did n't speak,refused to negotiate,voiced opposition,denied any connection,denied any links,was talking,rarely speak,3,1,3,3,3,3,3,3,3,1,1,3,2,3,3,1,2,2,1,2
Approved,repercussions,consequences,retribution,implications,reprisals,effects,impacts,fallout,ramifications,specifics,impact,exception,economic effects,reprisal,viability,possible repercussions,contents,underpinnings,formation,repercussion,possible deployment,3,1,2,3,3,3,3,3,0,2,0,2,2,0,3,0,0,0,3,0
Rejected,rules and regulations,constitution and the laws,the relevant resolutions,wishes,provisions,court of appeals,free will,sovereignty and territorial integrity,"""rules",resolutions,goals and objectives,tenets,laws and regulations,sanctity,constitution and the law,letter and spirit,purposes and principles,outcome,regulations,rules,stipulations,2,0,3,3,0,0,0,3,0,0,3,3,0,3,0,2,0,3,3,3
Approved,rules and regulations,constitution and the laws,the relevant resolutions,wishes,provisions,court of appeals,free will,sovereignty and territorial integrity,"""rules",resolutions,goals and objectives,tenets,laws and regulations,sanctity,constitution and the law,letter and spirit,purposes and principles,outcome,regulations,rules,stipulations,2,2,1,2,1,1,1,2,2,1,2,3,0,2,1,1,0,3,3,2
Approved,sea change,turning point,fundamental shift,major turning point,tenfold increase,new phase,significant milestone,sea-change,significant shift,major shift,new stage,key milestone,shift,very important moment,milestone,watershed,sharp escalation,historic milestone,significant step forward,major step forward,new milestone,3,3,3,1,2,3,3,3,3,3,3,2,2,3,3,2,3,3,3,3
Approved,seriously injured,also injured,also wounded,injured,wounded,reported injured,killed and 50 injured,slightly injured,killed and more than 100 injured,confirmed dead,reported killed,killed and hundreds injured,killed and 15 injured,killed and 30 wounded,confirmed killed,killed and seven injured,reportedly killed,killed and 40 wounded,killed or wounded,believed killed,evacuated from their homes,2,2,3,3,2,3,1,3,1,1,3,3,3,3,3,3,3,3,3,1
Rejected,stark,vivid,jarring,bleak,distinct,textural,starker,sober,shining,haunting,eerie,congratulatory,majestic,an unmistakable,somber,harsh,gentle,wistful,a notable,wrenching,"living , breathing",3,3,2,2,0,3,3,0,2,2,0,1,0,3,3,1,1,1,3,0
Approved,step up to the plate,stand up,break par,win a medal,find the net,live up to expectations,score a point,score a goal,win a game,win a match,get down to business,win a majority,score a touchdown,roll up their sleeves,earn a spot,impress,establish himself,go out on a limb,step up,do great things,make a dent,2,2,0,0,2,0,0,0,0,2,1,0,2,1,2,2,2,3,2,0
Approved,stepping stone,omen,steppingstone,obstacle,impediment,springboard,contributing factor,contributor,transit point,jumping-off point,prelude,precursor,stumbling block,role model,supplier of oil,step on the way,supplier,gateway,setback,oil supplier,step forward,0,3,1,1,2,1,2,2,2,2,2,1,0,0,3,0,2,1,0,2
Approved,strike a balance,drive a wedge,bridge the gap,draw a distinction,broker an agreement,mediate,find a balance,broker peace,bridge the differences,establish a link,find a middle ground,put distance,broker a truce,make a distinction,narrow the gaps,work out a compromise,bridge the gaps,broker a peace agreement,reconcile differences,arrange a meeting,break the ice,1,2,0,3,2,3,3,3,2,2,1,2,0,2,2,3,3,3,1,1
Approved,tainted,dogged,marred,contaminated,plagued,tarnished,laced,hiv-tainted,adulterated,overshadowed,rocked,sullied,buffeted,melamine-tainted,unheated,tarred,thrown into disarray,toxic,also marred,further tarnished,found to be contaminated,3,3,3,3,3,3,2,3,0,0,3,2,2,0,3,2,3,3,2,2
Approved,television show,tv show,cbs news program,cbs program,tourist destinations,television program,television programme,news program,tourist destination,illicit drug,radio address saturday,33rd,travel destination,cbs show,political figure,radio show,stock funds,12-month basis,tv program,women 's magazine,dietary supplements,3,2,3,0,3,3,2,0,0,2,0,0,2,0,2,0,0,3,1,0
Approved,tentative agreement,preliminary agreement,tentative deal,tentative contract agreement,basic agreement,separate agreement,financial settlement,deal friday,tentative settlement,last-minute agreement,settlement agreement,ceasefire agreement,compromise agreement,verbal agreement,consensus,partial settlement,contract agreement,broad agreement,similar agreement,draft agreement,compromise,3,3,3,3,2,1,1,3,2,2,2,2,2,2,2,2,2,2,2,2
Approved,terrorist attack,oil spill,act of terrorism,natural disaster,mass shootings,mass shooting,terror attack,environmental disaster,single attack,school shooting,environmental disasters,terrorist act,bioterrorism attack,violence seen,terrorist strike,terrorist assault,air disaster,natural disasters,humanitarian crisis,train accident,industrial accident,0,3,0,1,1,3,1,1,0,1,3,3,1,3,3,1,0,1,0,0
Approved,terrorist attack,oil spill,act of terrorism,natural disaster,mass shootings,mass shooting,terror attack,environmental disaster,single attack,school shooting,environmental disasters,terrorist act,bioterrorism attack,violence seen,terrorist strike,terrorist assault,air disaster,natural disasters,humanitarian crisis,train accident,industrial accident,0,2,0,1,1,2,0,1,1,0,3,2,1,2,3,1,0,1,0,0
Rejected,terrorist group,terrorist organisation,terrorist organization,terror organization,terror organisation,terrorist outfit,state only,foreign terrorist organization,militant network,world heritage site,war crime,terror network,terrorist movement,southeast asian terror group,state sponsor of terrorism,prisoner of conscience,regional terror group,country only,political prisoner,lucky number,repeat offender,0,3,3,0,2,0,2,1,0,0,2,2,2,1,0,3,0,0,0,0
Approved,terrorist group,terrorist organisation,terrorist organization,terror organization,terror organisation,terrorist outfit,state only,foreign terrorist organization,militant network,world heritage site,war crime,terror network,terrorist movement,southeast asian terror group,state sponsor of terrorism,prisoner of conscience,regional terror group,country only,political prisoner,lucky number,repeat offender,3,3,3,3,3,0,3,2,0,1,3,3,3,1,0,3,0,1,0,0
Approved,the most important thing,the important thing,the goal here,what is important now,your best bet,what is important,the important point,the best thing for me,the most important thing for us,what 's important,the answer to that,the big thing,what 's more important,the lesson here,the general feeling,the biggest thing,the important thing now,the interesting thing,my mentality,what i 've learned,the bottom line,3,2,3,2,3,3,2,3,3,2,2,3,2,0,2,3,3,0,1,2
Approved,to analyze,to analyse,to think about it,to continue to do,interesting to see,to keep doing,to assess,to evaluate,to talk him out of,to sugarcoat,to have to deal with,to search through,to review,not to think about,to be able to do,to plug into,to look at,to worry about it,to devote to,to jinx,to fix,3,2,0,0,0,3,3,0,0,0,2,3,0,0,0,2,0,0,0,0
Approved,turning point,milestone,sharp escalation,major turning point,breakthrough,factor,step forward,final straw,watershed,major milestone,new phase,new stage,key milestone,significant shift,turning-point,new step,new stage of development,first sign of trouble,low point,sea-change,new milestone,3,2,3,3,1,2,1,3,3,2,2,3,2,3,2,2,1,1,3,3
