AssignmentStatus,Input.INPUT_PHRASE,Input.1,Input.2,Input.3,Input.4,Input.5,Input.6,Input.7,Input.8,Input.9,Input.10,Input.11,Input.12,Input.13,Input.14,Input.15,Input.16,Input.17,Input.18,Input.19,Input.20,Answer.InputA,Answer.InputB,Answer.InputC,Answer.InputD,Answer.InputE,Answer.InputF,Answer.InputG,Answer.InputH,Answer.InputI,Answer.InputJ,Answer.InputK,Answer.InputL,Answer.InputM,Answer.InputN,Answer.InputO,Answer.InputP,Answer.InputQ,Answer.InputR,Answer.InputS,Answer.InputT
Rejected,broke up,violently broke up,disintegrated,broke apart,tried to break up,dispersed,fired tear gas to break up,used tear gas to break up,have broken up,had broken up,moved in to break up,broke in two,which broke up,also broke up,followed the breakup of,before its collapse,columbia disintegrated,tore apart,columbia broke apart,tried to stage,disintegrated over texas,3,0,3,3,1,2,2,3,3,3,3,3,3,3,1,0,1,3,0,0
Approved,broke up,violently broke up,disintegrated,broke apart,tried to break up,dispersed,fired tear gas to break up,used tear gas to break up,have broken up,had broken up,moved in to break up,broke in two,which broke up,also broke up,followed the breakup of,before its collapse,columbia disintegrated,tore apart,columbia broke apart,tried to stage,disintegrated over texas,3,2,3,3,2,3,3,3,3,3,3,3,3,3,2,2,3,3,1,2
Rejected,broke up,violently broke up,disintegrated,broke apart,tried to break up,dispersed,fired tear gas to break up,used tear gas to break up,have broken up,had broken up,moved in to break up,broke in two,which broke up,also broke up,followed the breakup of,before its collapse,columbia disintegrated,tore apart,columbia broke apart,tried to stage,disintegrated over texas,2,2,3,2,2,1,1,2,2,1,1,3,2,1,1,0,1,0,0,0
Rejected,capital punishment,the death penalty,the capital punishment,executions,death penalty,that capital punishment,the state 's death penalty,death-penalty,lesbian and gay rights,the death sentence,reproductive freedom,executions was,national prison,immigrants ' rights,that the death penalty,execution,that penalty,democracy to haiti,the federal death penalty,executions were,a mandatory death penalty,3,2,1,2,2,2,2,0,3,0,1,1,0,1,1,1,0,3,1,2
Approved,capital punishment,the death penalty,the capital punishment,executions,death penalty,that capital punishment,the state 's death penalty,death-penalty,lesbian and gay rights,the death sentence,reproductive freedom,executions was,national prison,immigrants ' rights,that the death penalty,execution,that penalty,democracy to haiti,the federal death penalty,executions were,a mandatory death penalty,2,3,2,2,3,2,2,0,2,0,2,1,0,2,2,1,0,2,2,2
Rejected,capital punishment,the death penalty,the capital punishment,executions,death penalty,that capital punishment,the state 's death penalty,death-penalty,lesbian and gay rights,the death sentence,reproductive freedom,executions was,national prison,immigrants ' rights,that the death penalty,execution,that penalty,democracy to haiti,the federal death penalty,executions were,a mandatory death penalty,3,2,3,3,2,3,2,0,3,0,2,2,1,2,3,2,1,3,2,3
Rejected,capital punishment,the death penalty,the capital punishment,executions,death penalty,that capital punishment,the state 's death penalty,death-penalty,lesbian and gay rights,the death sentence,reproductive freedom,executions was,national prison,immigrants ' rights,that the death penalty,execution,that penalty,democracy to haiti,the federal death penalty,executions were,a mandatory death penalty,3,3,3,3,3,3,3,3,3,3,3,3,3,3,3,3,0,3,3,3
Rejected,capital punishment,the death penalty,the capital punishment,executions,death penalty,that capital punishment,the state 's death penalty,death-penalty,lesbian and gay rights,the death sentence,reproductive freedom,executions was,national prison,immigrants ' rights,that the death penalty,execution,that penalty,democracy to haiti,the federal death penalty,executions were,a mandatory death penalty,2,2,2,3,2,2,3,0,2,0,0,0,0,2,1,0,0,2,0,0
Rejected,capital punishment,the death penalty,the capital punishment,executions,death penalty,that capital punishment,the state 's death penalty,death-penalty,lesbian and gay rights,the death sentence,reproductive freedom,executions was,national prison,immigrants ' rights,that the death penalty,execution,that penalty,democracy to haiti,the federal death penalty,executions were,a mandatory death penalty,3,3,2,3,2,2,3,0,2,0,1,1,0,2,2,1,0,3,2,2
Rejected,congressional committee,senatorial committee,congressional panel,house-senate committee,congressional subcommittee,house committee,campaign committee,congressional committee has,u.s. congressional committee,house panel,senate committee,congressional campaign committee,federal grand jury,senate panel,british parliamentary committee,house subcommittee,parliamentary committee,house of representatives panel,grand jury,congressional hearing,house of representatives committee,1,3,3,2,3,2,2,3,3,1,2,0,1,3,2,3,3,1,0,3
Rejected,congressional committee,senatorial committee,congressional panel,house-senate committee,congressional subcommittee,house committee,campaign committee,congressional committee has,u.s. congressional committee,house panel,senate committee,congressional campaign committee,federal grand jury,senate panel,british parliamentary committee,house subcommittee,parliamentary committee,house of representatives panel,grand jury,congressional hearing,house of representatives committee,1,3,2,2,1,1,2,3,1,1,1,1,1,1,2,1,1,0,1,1
Approved,congressional committee,senatorial committee,congressional panel,house-senate committee,congressional subcommittee,house committee,campaign committee,congressional committee has,u.s. congressional committee,house panel,senate committee,congressional campaign committee,federal grand jury,senate panel,british parliamentary committee,house subcommittee,parliamentary committee,house of representatives panel,grand jury,congressional hearing,house of representatives committee,2,3,2,2,2,2,3,3,2,3,3,2,2,2,2,2,2,2,1,2
Rejected,congressional committee,senatorial committee,congressional panel,house-senate committee,congressional subcommittee,house committee,campaign committee,congressional committee has,u.s. congressional committee,house panel,senate committee,congressional campaign committee,federal grand jury,senate panel,british parliamentary committee,house subcommittee,parliamentary committee,house of representatives panel,grand jury,congressional hearing,house of representatives committee,2,3,2,2,2,1,2,2,1,2,1,1,1,1,1,1,2,1,1,2
Rejected,congressional committee,senatorial committee,congressional panel,house-senate committee,congressional subcommittee,house committee,campaign committee,congressional committee has,u.s. congressional committee,house panel,senate committee,congressional campaign committee,federal grand jury,senate panel,british parliamentary committee,house subcommittee,parliamentary committee,house of representatives panel,grand jury,congressional hearing,house of representatives committee,2,2,3,2,2,2,2,3,2,2,2,1,2,1,2,1,2,0,1,2
Approved,congressional committee,senatorial committee,congressional panel,house-senate committee,congressional subcommittee,house committee,campaign committee,congressional committee has,u.s. congressional committee,house panel,senate committee,congressional campaign committee,federal grand jury,senate panel,british parliamentary committee,house subcommittee,parliamentary committee,house of representatives panel,grand jury,congressional hearing,house of representatives committee,3,3,3,3,3,3,3,3,2,3,3,2,3,2,3,2,3,2,3,3
Rejected,lackluster,lacklustre,disappointing,sluggish,less-than-stellar,dismal,weak,listless,barely discernible,scoreless,poor,choppy,quiet,strong,mixed,dull,tepid,early wall street,cautious,directionless,better-than-expected,3,3,1,3,2,2,1,0,1,2,0,0,0,0,3,3,0,0,1,1
Approved,lackluster,lacklustre,disappointing,sluggish,less-than-stellar,dismal,weak,listless,barely discernible,scoreless,poor,choppy,quiet,strong,mixed,dull,tepid,early wall street,cautious,directionless,better-than-expected,3,3,3,3,3,3,3,3,2,3,2,0,1,1,3,1,0,0,2,1
Rejected,lackluster,lacklustre,disappointing,sluggish,less-than-stellar,dismal,weak,listless,barely discernible,scoreless,poor,choppy,quiet,strong,mixed,dull,tepid,early wall street,cautious,directionless,better-than-expected,3,3,1,2,3,3,0,0,0,3,3,0,0,0,3,3,0,1,3,0
Rejected,lackluster,lacklustre,disappointing,sluggish,less-than-stellar,dismal,weak,listless,barely discernible,scoreless,poor,choppy,quiet,strong,mixed,dull,tepid,early wall street,cautious,directionless,better-than-expected,3,3,2,3,2,2,1,1,0,2,1,0,0,0,2,2,0,0,1,1
Rejected,lackluster,lacklustre,disappointing,sluggish,less-than-stellar,dismal,weak,listless,barely discernible,scoreless,poor,choppy,quiet,strong,mixed,dull,tepid,early wall street,cautious,directionless,better-than-expected,3,3,1,3,2,2,1,0,0,1,0,0,0,0,3,3,0,0,0,0
Rejected,lackluster,lacklustre,disappointing,sluggish,less-than-stellar,dismal,weak,listless,barely discernible,scoreless,poor,choppy,quiet,strong,mixed,dull,tepid,early wall street,cautious,directionless,better-than-expected,1,3,1,3,3,3,3,1,1,3,1,0,0,0,1,3,1,1,1,0
Rejected,lackluster,lacklustre,disappointing,sluggish,less-than-stellar,dismal,weak,listless,barely discernible,scoreless,poor,choppy,quiet,strong,mixed,dull,tepid,early wall street,cautious,directionless,better-than-expected,3,2,2,3,1,2,1,1,1,2,1,0,0,2,1,1,0,0,1,0
Approved,lackluster,lacklustre,disappointing,sluggish,less-than-stellar,dismal,weak,listless,barely discernible,scoreless,poor,choppy,quiet,strong,mixed,dull,tepid,early wall street,cautious,directionless,better-than-expected,3,3,3,3,3,3,3,3,3,3,3,3,0,0,3,0,0,2,3,0
Rejected,repercussions,consequences,implications,effects,impact,ramifications,impacts,reprisals,major repercussions,consequences not only,fallout,retribution,diplomatic repercussions,repercussion,reverberations,an impact,negative consequences,knock-on effects,end of war,diplomatic consequences,an armed revolt,3,2,2,2,3,2,1,3,1,2,1,2,3,2,2,1,1,0,2,0
Rejected,repercussions,consequences,implications,effects,impact,ramifications,impacts,reprisals,major repercussions,consequences not only,fallout,retribution,diplomatic repercussions,repercussion,reverberations,an impact,negative consequences,knock-on effects,end of war,diplomatic consequences,an armed revolt,3,0,3,3,3,2,1,3,2,0,3,2,2,0,3,3,0,1,3,0
Approved,repercussions,consequences,implications,effects,impact,ramifications,impacts,reprisals,major repercussions,consequences not only,fallout,retribution,diplomatic repercussions,repercussion,reverberations,an impact,negative consequences,knock-on effects,end of war,diplomatic consequences,an armed revolt,3,3,3,3,3,3,3,3,2,2,1,3,3,2,2,3,3,0,3,0
Approved,repercussions,consequences,implications,effects,impact,ramifications,impacts,reprisals,major repercussions,consequences not only,fallout,retribution,diplomatic repercussions,repercussion,reverberations,an impact,negative consequences,knock-on effects,end of war,diplomatic consequences,an armed revolt,3,3,3,3,3,3,1,3,2,3,1,2,3,1,3,3,0,0,3,0
Rejected,repercussions,consequences,implications,effects,impact,ramifications,impacts,reprisals,major repercussions,consequences not only,fallout,retribution,diplomatic repercussions,repercussion,reverberations,an impact,negative consequences,knock-on effects,end of war,diplomatic consequences,an armed revolt,3,1,3,2,3,3,1,2,2,2,1,2,2,3,2,3,1,0,2,0
Approved,sea change,sea-change,fundamental shift,major shift,big shift,profound shift,shift,broader shift,significant shift,seismic shift,generational change,turning point,change,major change,dramatic shift,bold experiment,fundamental change,dramatic reversal,gradual shift,big change,significant change,2,3,3,3,3,2,3,3,3,1,3,3,3,3,0,3,1,2,3,3
Approved,sea change,sea-change,fundamental shift,major shift,big shift,profound shift,shift,broader shift,significant shift,seismic shift,generational change,turning point,change,major change,dramatic shift,bold experiment,fundamental change,dramatic reversal,gradual shift,big change,significant change,3,3,3,3,3,3,3,3,3,2,2,3,3,3,2,3,2,1,3,3
Rejected,sea change,sea-change,fundamental shift,major shift,big shift,profound shift,shift,broader shift,significant shift,seismic shift,generational change,turning point,change,major change,dramatic shift,bold experiment,fundamental change,dramatic reversal,gradual shift,big change,significant change,3,2,2,2,2,3,2,2,1,2,2,2,2,3,2,2,1,1,2,1
Rejected,sea change,sea-change,fundamental shift,major shift,big shift,profound shift,shift,broader shift,significant shift,seismic shift,generational change,turning point,change,major change,dramatic shift,bold experiment,fundamental change,dramatic reversal,gradual shift,big change,significant change,3,0,0,0,0,1,0,1,0,0,0,1,1,1,0,0,0,0,0,0
Rejected,step up to the plate,sit around the table,go to israel,stand up,make the sacrifices,win a place,needs to stand up,be able to get back,fight for it,listen to offers,get down to business,study the issue,be more responsive,suck it up,work very well,perform well,undress,sit down,redeploy,drive over,step up,0,0,1,2,0,1,0,2,0,3,1,1,3,2,2,0,0,0,0,2
Approved,step up to the plate,sit around the table,go to israel,stand up,make the sacrifices,win a place,needs to stand up,be able to get back,fight for it,listen to offers,get down to business,study the issue,be more responsive,suck it up,work very well,perform well,undress,sit down,redeploy,drive over,step up,0,0,3,3,2,3,0,3,0,3,0,3,3,2,3,0,1,2,0,3
Rejected,step up to the plate,sit around the table,go to israel,stand up,make the sacrifices,win a place,needs to stand up,be able to get back,fight for it,listen to offers,get down to business,study the issue,be more responsive,suck it up,work very well,perform well,undress,sit down,redeploy,drive over,step up,1,0,1,1,0,2,0,0,0,2,1,1,1,1,1,0,1,1,0,3
Rejected,step up to the plate,sit around the table,go to israel,stand up,make the sacrifices,win a place,needs to stand up,be able to get back,fight for it,listen to offers,get down to business,study the issue,be more responsive,suck it up,work very well,perform well,undress,sit down,redeploy,drive over,step up,0,0,1,3,2,1,0,3,0,2,1,0,3,3,0,0,0,0,0,1
Rejected,step up to the plate,sit around the table,go to israel,stand up,make the sacrifices,win a place,needs to stand up,be able to get back,fight for it,listen to offers,get down to business,study the issue,be more responsive,suck it up,work very well,perform well,undress,sit down,redeploy,drive over,step up,0,0,2,1,1,2,0,3,0,3,1,3,0,3,3,0,0,1,0,3
Approved,step up to the plate,sit around the table,go to israel,stand up,make the sacrifices,win a place,needs to stand up,be able to get back,fight for it,listen to offers,get down to business,study the issue,be more responsive,suck it up,work very well,perform well,undress,sit down,redeploy,drive over,step up,0,0,3,3,0,2,0,2,0,2,1,2,0,2,2,0,0,0,0,2
Rejected,step up to the plate,sit around the table,go to israel,stand up,make the sacrifices,win a place,needs to stand up,be able to get back,fight for it,listen to offers,get down to business,study the issue,be more responsive,suck it up,work very well,perform well,undress,sit down,redeploy,drive over,step up,3,0,3,3,3,3,3,2,2,3,3,3,3,3,3,0,1,0,0,3
Approved,abject poverty,extreme poverty,crippling poverty,dire poverty,poverty,grinding poverty,poor conditions,squalid conditions,the economic woes,absolute poverty,poppies,poverty and hunger,severe poverty,a convent,misery,a brothel,squalor,the poverty,exile,my home,friendliness,3,3,3,3,3,3,3,0,3,0,3,3,0,3,0,0,3,2,0,0
Approved,abject poverty,extreme poverty,crippling poverty,dire poverty,poverty,grinding poverty,poor conditions,squalid conditions,the economic woes,absolute poverty,poppies,poverty and hunger,severe poverty,a convent,misery,a brothel,squalor,the poverty,exile,my home,friendliness,3,3,3,3,3,2,2,2,3,0,2,3,1,2,1,1,2,1,0,0
Rejected,abject poverty,extreme poverty,crippling poverty,dire poverty,poverty,grinding poverty,poor conditions,squalid conditions,the economic woes,absolute poverty,poppies,poverty and hunger,severe poverty,a convent,misery,a brothel,squalor,the poverty,exile,my home,friendliness,3,3,3,2,3,1,1,1,3,0,1,3,0,1,0,1,2,0,0,0
Approved,abject poverty,extreme poverty,crippling poverty,dire poverty,poverty,grinding poverty,poor conditions,squalid conditions,the economic woes,absolute poverty,poppies,poverty and hunger,severe poverty,a convent,misery,a brothel,squalor,the poverty,exile,my home,friendliness,3,3,3,2,2,2,2,1,3,0,2,3,0,2,0,2,2,2,0,0
Approved,appalling,abysmal,slave-like,abominable,squalid,deplorable,cowardly,heinous,extremely bad,worsening humanitarian,excellent,abysmal human rights,abject,unsanitary,"""appalling",inhumane,poor living,inhuman,poor,horrific,dire,3,1,3,2,3,1,3,3,1,1,1,0,1,1,2,2,2,1,3,3
Approved,appalling,abysmal,slave-like,abominable,squalid,deplorable,cowardly,heinous,extremely bad,worsening humanitarian,excellent,abysmal human rights,abject,unsanitary,"""appalling",inhumane,poor living,inhuman,poor,horrific,dire,3,0,3,1,3,0,3,3,1,0,1,1,1,3,1,1,1,1,3,3
Approved,appalling,abysmal,slave-like,abominable,squalid,deplorable,cowardly,heinous,extremely bad,worsening humanitarian,excellent,abysmal human rights,abject,unsanitary,"""appalling",inhumane,poor living,inhuman,poor,horrific,dire,3,1,3,3,3,1,3,3,2,0,2,3,1,3,3,2,3,3,3,3
Rejected,bridge the gap,bridge the gaps,foster closer ties,narrow the gap,drive a wedge,find a compromise,bridge the digital divide,overcome the differences,bridge gaps,bridge the divide,act as a mediator,improve relations,stage a comeback,create conflicts,repair relations,resolve disputes,forge an alliance,defuse tensions,bridge differences,distinguish,ease tensions,2,2,3,0,3,1,3,2,3,2,2,1,0,3,3,3,3,3,1,3
Approved,bridge the gap,bridge the gaps,foster closer ties,narrow the gap,drive a wedge,find a compromise,bridge the digital divide,overcome the differences,bridge gaps,bridge the divide,act as a mediator,improve relations,stage a comeback,create conflicts,repair relations,resolve disputes,forge an alliance,defuse tensions,bridge differences,distinguish,ease tensions,3,3,3,3,3,1,3,3,3,3,3,0,0,3,3,3,3,3,3,3
Approved,bridge the gap,bridge the gaps,foster closer ties,narrow the gap,drive a wedge,find a compromise,bridge the digital divide,overcome the differences,bridge gaps,bridge the divide,act as a mediator,improve relations,stage a comeback,create conflicts,repair relations,resolve disputes,forge an alliance,defuse tensions,bridge differences,distinguish,ease tensions,3,2,3,0,2,3,2,3,3,1,2,0,0,2,2,2,2,3,0,2
Rejected,bridge the gap,bridge the gaps,foster closer ties,narrow the gap,drive a wedge,find a compromise,bridge the digital divide,overcome the differences,bridge gaps,bridge the divide,act as a mediator,improve relations,stage a comeback,create conflicts,repair relations,resolve disputes,forge an alliance,defuse tensions,bridge differences,distinguish,ease tensions,2,1,3,1,3,2,3,2,3,1,2,0,1,2,3,3,2,3,0,2
Approved,bridge the gap,bridge the gaps,foster closer ties,narrow the gap,drive a wedge,find a compromise,bridge the digital divide,overcome the differences,bridge gaps,bridge the divide,act as a mediator,improve relations,stage a comeback,create conflicts,repair relations,resolve disputes,forge an alliance,defuse tensions,bridge differences,distinguish,ease tensions,2,3,2,1,3,3,3,2,3,3,3,0,1,3,3,3,3,2,0,3
Approved,cell,mobile,cellular,hand-held cell,their cell,cell based,touch-tone,al-qaida cell,their mobile,cells for,terrorist cell,cordless,terror cell,wireless,satellite,their cellular,"computers , cell",own cell,secret cell,new cell,"computers , mobile",3,3,3,3,2,3,3,3,3,3,3,3,3,1,3,2,3,3,3,1
Approved,cell,mobile,cellular,hand-held cell,their cell,cell based,touch-tone,al-qaida cell,their mobile,cells for,terrorist cell,cordless,terror cell,wireless,satellite,their cellular,"computers , cell",own cell,secret cell,new cell,"computers , mobile",3,3,3,3,3,3,2,3,3,3,3,3,3,0,3,3,3,3,3,3
Approved,classified information,on classified information,secret information,classified documents,national defense information,classified materials,state secrets,nuclear secrets,secrets to moscow,top-secret information,classified data,sensitive information,secret documents,plame 's name,secrets,information,secret evidence,nuclear weapons secrets,top secret information,military secrets,classified material,3,3,3,3,3,3,3,3,3,3,3,3,0,3,1,3,3,3,3,3
Approved,classified information,on classified information,secret information,classified documents,national defense information,classified materials,state secrets,nuclear secrets,secrets to moscow,top-secret information,classified data,sensitive information,secret documents,plame 's name,secrets,information,secret evidence,nuclear weapons secrets,top secret information,military secrets,classified material,3,3,3,3,3,3,3,2,3,3,3,3,0,2,2,3,3,3,3,3
Approved,classified information,on classified information,secret information,classified documents,national defense information,classified materials,state secrets,nuclear secrets,secrets to moscow,top-secret information,classified data,sensitive information,secret documents,plame 's name,secrets,information,secret evidence,nuclear weapons secrets,top secret information,military secrets,classified material,2,3,2,2,3,2,2,2,3,3,3,2,0,2,1,2,2,3,2,3
Approved,condescending,asinine,haughty,wait-and-see,unfair,smug,derogatory,still talking,downcast,laissez-faire,heavy-handed,arrogant,paternalistic,difficult to explain,demeaning,a role model,ironic,dim,off-color,naive,more forceful,3,3,0,3,3,3,3,3,3,1,3,3,0,0,0,0,3,3,0,1
Approved,condescending,asinine,haughty,wait-and-see,unfair,smug,derogatory,still talking,downcast,laissez-faire,heavy-handed,arrogant,paternalistic,difficult to explain,demeaning,a role model,ironic,dim,off-color,naive,more forceful,3,3,0,1,3,3,0,3,0,0,3,3,1,3,0,0,0,0,0,0
Approved,condescending,asinine,haughty,wait-and-see,unfair,smug,derogatory,still talking,downcast,laissez-faire,heavy-handed,arrogant,paternalistic,difficult to explain,demeaning,a role model,ironic,dim,off-color,naive,more forceful,0,3,0,1,2,3,0,0,1,1,3,2,1,3,0,1,0,0,1,0
Rejected,country's largest,nation 's largest,country 's biggest,world 's largest,philippines ' largest,country 's second largest,largest,nation 's biggest,country 's main,largest u.s.,country 's second-largest,world 's biggest,united states ' largest,kingdom 's biggest,country 's leading,nation 's second-largest,second largest u.s.,fedecamaras,u.s. 's largest,nation 's largest mortgage,largest us,3,3,1,1,1,1,3,1,1,1,1,1,1,1,1,1,0,1,1,1
Approved,country's largest,nation 's largest,country 's biggest,world 's largest,philippines ' largest,country 's second largest,largest,nation 's biggest,country 's main,largest u.s.,country 's second-largest,world 's biggest,united states ' largest,kingdom 's biggest,country 's leading,nation 's second-largest,second largest u.s.,fedecamaras,u.s. 's largest,nation 's largest mortgage,largest us,3,3,3,2,3,3,3,3,3,3,3,3,2,2,2,2,0,3,3,3
Approved,country's largest,nation 's largest,country 's biggest,world 's largest,philippines ' largest,country 's second largest,largest,nation 's biggest,country 's main,largest u.s.,country 's second-largest,world 's biggest,united states ' largest,kingdom 's biggest,country 's leading,nation 's second-largest,second largest u.s.,fedecamaras,u.s. 's largest,nation 's largest mortgage,largest us,3,3,3,3,1,2,3,2,2,3,3,3,3,3,1,1,0,3,3,3
Approved,crimes against humanity,"genocide , crimes against humanity",crimes against humanity committed,crimes against humanity allegedly,genocide,crimes against humanity charges,crimes against humanity for his role,other war crimes,genocide committed,war crimes,"war crimes , crimes against humanity",alleged crimes against humanity,possible crimes against humanity,genocide charges,war crimes and crimes against humanity,committing crimes against humanity,war crimes allegedly,"crimes against humanity , war crimes",five counts of crimes against humanity,"murder , conspiracy to commit murder",complicity in crimes against humanity,3,3,3,3,3,3,3,3,3,3,3,3,3,3,3,3,3,3,3,3
Approved,crimes against humanity,"genocide , crimes against humanity",crimes against humanity committed,crimes against humanity allegedly,genocide,crimes against humanity charges,crimes against humanity for his role,other war crimes,genocide committed,war crimes,"war crimes , crimes against humanity",alleged crimes against humanity,possible crimes against humanity,genocide charges,war crimes and crimes against humanity,committing crimes against humanity,war crimes allegedly,"crimes against humanity , war crimes",five counts of crimes against humanity,"murder , conspiracy to commit murder",complicity in crimes against humanity,3,3,3,2,3,3,2,2,2,3,3,3,2,3,3,2,3,3,1,3
Approved,defense attorney,defense lawyer,simpson lawyer,simpson attorney,defence attorney,lawyer,attorney,criminal defense attorney,defense counsel,lead defense attorney,jackson attorney,criminal defense lawyer,his lawyer,by defense lawyer,lead lawyer,one of her lawyers,lead defense lawyer,his attorney,defence counsel,complaint filed in u.s. district court,'s lead attorney,3,1,1,3,3,3,3,3,2,1,2,2,2,1,1,1,2,2,0,2
Approved,defense attorney,defense lawyer,simpson lawyer,simpson attorney,defence attorney,lawyer,attorney,criminal defense attorney,defense counsel,lead defense attorney,jackson attorney,criminal defense lawyer,his lawyer,by defense lawyer,lead lawyer,one of her lawyers,lead defense lawyer,his attorney,defence counsel,complaint filed in u.s. district court,'s lead attorney,3,3,3,3,3,3,3,3,3,3,3,3,3,3,3,3,3,3,1,3
Rejected,defense attorney,defense lawyer,simpson lawyer,simpson attorney,defence attorney,lawyer,attorney,criminal defense attorney,defense counsel,lead defense attorney,jackson attorney,criminal defense lawyer,his lawyer,by defense lawyer,lead lawyer,one of her lawyers,lead defense lawyer,his attorney,defence counsel,complaint filed in u.s. district court,'s lead attorney,3,0,0,3,2,2,2,3,3,0,2,1,3,2,1,3,1,3,1,1
Approved,defense attorney,defense lawyer,simpson lawyer,simpson attorney,defence attorney,lawyer,attorney,criminal defense attorney,defense counsel,lead defense attorney,jackson attorney,criminal defense lawyer,his lawyer,by defense lawyer,lead lawyer,one of her lawyers,lead defense lawyer,his attorney,defence counsel,complaint filed in u.s. district court,'s lead attorney,3,0,0,3,3,3,3,3,3,0,3,3,3,3,3,3,3,3,3,3
Approved,distributed,issued,that is distributed,faxed,released,diluted,were distributing,redistributed,handed out,circulated,made available,had distributed,later posted,sent,distributed thursday,allocated,e-mailed,that are sent,published,printed and distributed,distributed to reporters,3,3,1,3,0,3,3,2,3,2,3,0,2,3,3,1,2,2,2,3
Approved,distributed,issued,that is distributed,faxed,released,diluted,were distributing,redistributed,handed out,circulated,made available,had distributed,later posted,sent,distributed thursday,allocated,e-mailed,that are sent,published,printed and distributed,distributed to reporters,3,3,0,3,1,3,3,3,3,3,3,3,3,3,3,2,3,3,3,3
Approved,distributed,issued,that is distributed,faxed,released,diluted,were distributing,redistributed,handed out,circulated,made available,had distributed,later posted,sent,distributed thursday,allocated,e-mailed,that are sent,published,printed and distributed,distributed to reporters,3,2,3,3,3,2,3,3,3,1,2,1,1,2,1,3,1,3,2,3
Rejected,distributed,issued,that is distributed,faxed,released,diluted,were distributing,redistributed,handed out,circulated,made available,had distributed,later posted,sent,distributed thursday,allocated,e-mailed,that are sent,published,printed and distributed,distributed to reporters,3,2,0,2,0,2,2,1,1,0,2,0,2,2,3,1,1,3,2,1
Approved,economic reforms,economic reform,reforms,free-market reforms,economic reform programs,market reforms,economic changes,his economic reforms,free-market economic reforms,policy of reform,the reform and opening-up drive,reform,economic change,social reforms,economic ties with israel,an economic reform program,an economic recovery program,sweeping economic reforms,reform and opening-up drive,unpopular reforms,"reform , opening-up",3,2,3,3,3,3,3,3,2,2,2,3,3,1,3,3,3,2,2,2
Approved,economic reforms,economic reform,reforms,free-market reforms,economic reform programs,market reforms,economic changes,his economic reforms,free-market economic reforms,policy of reform,the reform and opening-up drive,reform,economic change,social reforms,economic ties with israel,an economic reform program,an economic recovery program,sweeping economic reforms,reform and opening-up drive,unpopular reforms,"reform , opening-up",2,2,2,2,3,2,2,3,2,1,2,2,1,1,2,2,3,1,1,1
Approved,economic reforms,economic reform,reforms,free-market reforms,economic reform programs,market reforms,economic changes,his economic reforms,free-market economic reforms,policy of reform,the reform and opening-up drive,reform,economic change,social reforms,economic ties with israel,an economic reform program,an economic recovery program,sweeping economic reforms,reform and opening-up drive,unpopular reforms,"reform , opening-up",3,3,3,3,3,3,3,3,3,1,3,3,0,2,3,3,3,3,0,2
Approved,endorse,publicly endorse,approve,ratify,endorse the idea of,accept,formally endorse,also endorse,publicly back,sign,discuss,announce,authorize,adopt,support,vote for,vote on,comment on,recognize,reject,vote this week on,3,3,3,2,3,3,3,2,1,1,1,3,3,3,2,2,1,3,0,2
Rejected,endorse,publicly endorse,approve,ratify,endorse the idea of,accept,formally endorse,also endorse,publicly back,sign,discuss,announce,authorize,adopt,support,vote for,vote on,comment on,recognize,reject,vote this week on,3,2,2,3,2,3,2,3,1,1,1,2,2,3,3,1,1,1,1,1
Approved,endorse,publicly endorse,approve,ratify,endorse the idea of,accept,formally endorse,also endorse,publicly back,sign,discuss,announce,authorize,adopt,support,vote for,vote on,comment on,recognize,reject,vote this week on,3,3,2,2,3,3,2,2,3,0,1,3,0,3,2,2,0,2,1,2
Approved,endorse,publicly endorse,approve,ratify,endorse the idea of,accept,formally endorse,also endorse,publicly back,sign,discuss,announce,authorize,adopt,support,vote for,vote on,comment on,recognize,reject,vote this week on,3,3,2,3,3,3,3,3,1,0,0,0,2,3,0,0,0,2,0,3
Approved,euthanasia,mercy killing,voluntary euthanasia,right-to-die,assisted suicide,abortion,gay marriage,artificial contraception,same-sex marriage,abortion had,physician-assisted suicide,gun control,"""universal competence","marijuana , which",a cull,mercy killings,homosexuality,sex selection,same-sex marriages,national immigration,doctor-assisted suicide,3,3,3,3,1,0,0,0,0,3,0,0,0,0,3,0,0,0,0,3
Approved,euthanasia,mercy killing,voluntary euthanasia,right-to-die,assisted suicide,abortion,gay marriage,artificial contraception,same-sex marriage,abortion had,physician-assisted suicide,gun control,"""universal competence","marijuana , which",a cull,mercy killings,homosexuality,sex selection,same-sex marriages,national immigration,doctor-assisted suicide,1,3,3,3,1,0,0,0,2,3,1,0,0,3,1,0,0,0,0,3
Rejected,euthanasia,mercy killing,voluntary euthanasia,right-to-die,assisted suicide,abortion,gay marriage,artificial contraception,same-sex marriage,abortion had,physician-assisted suicide,gun control,"""universal competence","marijuana , which",a cull,mercy killings,homosexuality,sex selection,same-sex marriages,national immigration,doctor-assisted suicide,3,3,2,3,0,0,0,0,0,3,3,0,0,0,1,0,0,0,0,3
Approved,euthanasia,mercy killing,voluntary euthanasia,right-to-die,assisted suicide,abortion,gay marriage,artificial contraception,same-sex marriage,abortion had,physician-assisted suicide,gun control,"""universal competence","marijuana , which",a cull,mercy killings,homosexuality,sex selection,same-sex marriages,national immigration,doctor-assisted suicide,2,3,3,3,0,0,0,0,0,3,0,0,0,0,2,0,0,0,0,3
Rejected,euthanasia,mercy killing,voluntary euthanasia,right-to-die,assisted suicide,abortion,gay marriage,artificial contraception,same-sex marriage,abortion had,physician-assisted suicide,gun control,"""universal competence","marijuana , which",a cull,mercy killings,homosexuality,sex selection,same-sex marriages,national immigration,doctor-assisted suicide,3,3,1,3,0,0,0,0,0,3,0,0,0,0,2,0,0,0,0,3
Approved,extremely difficult,difficult,easier,impossible,very difficult,more difficult,harder,hard,increasingly difficult,awfully tough,easy,extraordinarily difficult,virtually impossible,almost impossible,highly inappropriate,much more complex,not possible,nearly impossible,able,too early,awkward,3,1,3,3,2,2,3,2,3,1,3,3,3,0,2,2,3,0,0,0
Approved,extremely difficult,difficult,easier,impossible,very difficult,more difficult,harder,hard,increasingly difficult,awfully tough,easy,extraordinarily difficult,virtually impossible,almost impossible,highly inappropriate,much more complex,not possible,nearly impossible,able,too early,awkward,2,0,2,3,3,2,2,3,3,0,3,3,3,1,3,2,3,0,0,0
Approved,extremely difficult,difficult,easier,impossible,very difficult,more difficult,harder,hard,increasingly difficult,awfully tough,easy,extraordinarily difficult,virtually impossible,almost impossible,highly inappropriate,much more complex,not possible,nearly impossible,able,too early,awkward,3,0,2,3,3,3,3,3,2,0,3,3,3,1,1,0,3,0,1,0
Approved,failure to comply,refusal to comply,failure to cooperate,refusal to cooperate,compliance,noncompliance,lack of compliance,promise to cooperate,non-compliance,efforts to comply,full compliance,lack of cooperation,failing to comply,failing to cooperate,non-cooperation,not complying,readiness to cooperate,interference,pledge to cooperate,government to comply,willingness to cooperate,3,3,3,2,3,3,1,3,1,1,3,2,3,3,3,1,0,1,2,1
Rejected,failure to comply,refusal to comply,failure to cooperate,refusal to cooperate,compliance,noncompliance,lack of compliance,promise to cooperate,non-compliance,efforts to comply,full compliance,lack of cooperation,failing to comply,failing to cooperate,non-cooperation,not complying,readiness to cooperate,interference,pledge to cooperate,government to comply,willingness to cooperate,1,2,1,0,3,3,0,3,0,0,3,2,2,2,2,0,1,0,0,0
Rejected,failure to comply,refusal to comply,failure to cooperate,refusal to cooperate,compliance,noncompliance,lack of compliance,promise to cooperate,non-compliance,efforts to comply,full compliance,lack of cooperation,failing to comply,failing to cooperate,non-cooperation,not complying,readiness to cooperate,interference,pledge to cooperate,government to comply,willingness to cooperate,3,3,3,0,2,3,0,2,0,0,3,3,3,2,3,0,0,0,0,0
Approved,failure to comply,refusal to comply,failure to cooperate,refusal to cooperate,compliance,noncompliance,lack of compliance,promise to cooperate,non-compliance,efforts to comply,full compliance,lack of cooperation,failing to comply,failing to cooperate,non-cooperation,not complying,readiness to cooperate,interference,pledge to cooperate,government to comply,willingness to cooperate,3,3,3,0,3,3,1,3,0,0,2,2,2,2,2,0,1,0,1,0
Rejected,failure to comply,refusal to comply,failure to cooperate,refusal to cooperate,compliance,noncompliance,lack of compliance,promise to cooperate,non-compliance,efforts to comply,full compliance,lack of cooperation,failing to comply,failing to cooperate,non-cooperation,not complying,readiness to cooperate,interference,pledge to cooperate,government to comply,willingness to cooperate,2,1,1,2,3,2,2,3,1,1,1,3,2,1,2,1,1,1,1,1
Rejected,failure to comply,refusal to comply,failure to cooperate,refusal to cooperate,compliance,noncompliance,lack of compliance,promise to cooperate,non-compliance,efforts to comply,full compliance,lack of cooperation,failing to comply,failing to cooperate,non-cooperation,not complying,readiness to cooperate,interference,pledge to cooperate,government to comply,willingness to cooperate,1,3,1,0,1,2,0,1,0,0,1,2,2,2,2,0,0,0,0,0
Approved,failure to comply,refusal to comply,failure to cooperate,refusal to cooperate,compliance,noncompliance,lack of compliance,promise to cooperate,non-compliance,efforts to comply,full compliance,lack of cooperation,failing to comply,failing to cooperate,non-cooperation,not complying,readiness to cooperate,interference,pledge to cooperate,government to comply,willingness to cooperate,2,3,2,1,3,3,1,3,1,1,2,2,2,2,2,1,1,1,0,1
Rejected,forecast,estimate,expected,forecasts,projection,predicted,been expecting,projected,outlook,had forecast,forecasted,forecast had been,forecast that,growth forecast,prediction,on average expected,forecast an average,been forecasting,2008 forecast,pencilled in,had expected,1,1,2,2,1,1,1,2,2,2,2,2,1,2,1,2,2,2,0,1
Approved,forecast,estimate,expected,forecasts,projection,predicted,been expecting,projected,outlook,had forecast,forecasted,forecast had been,forecast that,growth forecast,prediction,on average expected,forecast an average,been forecasting,2008 forecast,pencilled in,had expected,3,3,3,3,2,2,3,3,3,3,3,3,3,3,2,3,3,3,0,2
Approved,forecast,estimate,expected,forecasts,projection,predicted,been expecting,projected,outlook,had forecast,forecasted,forecast had been,forecast that,growth forecast,prediction,on average expected,forecast an average,been forecasting,2008 forecast,pencilled in,had expected,3,1,3,3,2,2,2,1,1,2,1,2,1,3,2,2,2,1,0,2
Approved,forecast,estimate,expected,forecasts,projection,predicted,been expecting,projected,outlook,had forecast,forecasted,forecast had been,forecast that,growth forecast,prediction,on average expected,forecast an average,been forecasting,2008 forecast,pencilled in,had expected,3,3,3,3,3,2,3,3,3,3,3,3,1,3,3,3,3,1,0,3
Approved,go the extra mile,ignore the law,trade land,continue our struggle,do everything in my power,ramp up production,coordinate efforts,clear his name,fight together,go as far as possible,settle for less,do whatever it took,take risks,be fair,do whatever it takes,make efforts,continue to fight,blame someone,be excited,make all efforts,sit and talk,0,0,1,3,1,1,0,1,2,1,2,1,0,3,2,1,0,0,2,0
Approved,go the extra mile,ignore the law,trade land,continue our struggle,do everything in my power,ramp up production,coordinate efforts,clear his name,fight together,go as far as possible,settle for less,do whatever it took,take risks,be fair,do whatever it takes,make efforts,continue to fight,blame someone,be excited,make all efforts,sit and talk,0,0,0,2,1,1,0,1,3,0,2,2,0,3,2,2,0,1,2,0
Approved,go the extra mile,ignore the law,trade land,continue our struggle,do everything in my power,ramp up production,coordinate efforts,clear his name,fight together,go as far as possible,settle for less,do whatever it took,take risks,be fair,do whatever it takes,make efforts,continue to fight,blame someone,be excited,make all efforts,sit and talk,0,0,3,3,1,1,0,3,3,2,3,3,3,3,3,3,0,0,3,0
Approved,had an affair,had a sexual relationship,had a sexual affair,had had an affair,had sexual relations,'s alleged affair,had an extramarital affair,an affair,'s affair,had sex,was having an affair,a sexual relationship,had a relationship,had a romantic relationship,fathered a child,consorted,had a love affair,had affairs,had an intimate relationship,a sexual affair,had been having an affair,3,3,2,3,2,1,2,2,3,2,3,1,3,1,1,3,2,3,3,2
Rejected,had an affair,had a sexual relationship,had a sexual affair,had had an affair,had sexual relations,'s alleged affair,had an extramarital affair,an affair,'s affair,had sex,was having an affair,a sexual relationship,had a relationship,had a romantic relationship,fathered a child,consorted,had a love affair,had affairs,had an intimate relationship,a sexual affair,had been having an affair,1,2,2,1,1,2,2,2,1,2,1,1,1,1,1,2,2,1,2,2
Approved,had an affair,had a sexual relationship,had a sexual affair,had had an affair,had sexual relations,'s alleged affair,had an extramarital affair,an affair,'s affair,had sex,was having an affair,a sexual relationship,had a relationship,had a romantic relationship,fathered a child,consorted,had a love affair,had affairs,had an intimate relationship,a sexual affair,had been having an affair,3,3,3,3,2,3,2,2,3,3,2,3,3,1,2,3,3,3,3,3
Approved,had an affair,had a sexual relationship,had a sexual affair,had had an affair,had sexual relations,'s alleged affair,had an extramarital affair,an affair,'s affair,had sex,was having an affair,a sexual relationship,had a relationship,had a romantic relationship,fathered a child,consorted,had a love affair,had affairs,had an intimate relationship,a sexual affair,had been having an affair,3,3,3,3,3,3,3,3,3,3,3,3,3,0,0,3,3,3,3,3
Rejected,had an affair,had a sexual relationship,had a sexual affair,had had an affair,had sexual relations,'s alleged affair,had an extramarital affair,an affair,'s affair,had sex,was having an affair,a sexual relationship,had a relationship,had a romantic relationship,fathered a child,consorted,had a love affair,had affairs,had an intimate relationship,a sexual affair,had been having an affair,2,2,0,2,1,3,2,2,1,3,2,1,3,3,1,3,3,3,3,3
Rejected,had an affair,had a sexual relationship,had a sexual affair,had had an affair,had sexual relations,'s alleged affair,had an extramarital affair,an affair,'s affair,had sex,was having an affair,a sexual relationship,had a relationship,had a romantic relationship,fathered a child,consorted,had a love affair,had affairs,had an intimate relationship,a sexual affair,had been having an affair,1,3,2,1,2,3,2,1,1,2,1,3,3,1,3,3,2,3,2,2
Approved,hard to find,difficult to find,hard to find any,far easier for,so hard to find,tough to find,hard to locate,just a matter of finding,hard to think of,impossible to find,tough to get,easy to find,a matter of finding,very hard to find,hard to imagine,hard to get,important to see,hard to put into,very difficult to find,getting harder to find,very hard to have,3,2,0,2,3,3,1,3,3,3,1,1,3,3,3,0,2,3,2,2
Approved,hard to find,difficult to find,hard to find any,far easier for,so hard to find,tough to find,hard to locate,just a matter of finding,hard to think of,impossible to find,tough to get,easy to find,a matter of finding,very hard to find,hard to imagine,hard to get,important to see,hard to put into,very difficult to find,getting harder to find,very hard to have,3,3,3,3,3,3,3,2,3,3,0,3,3,2,3,1,2,3,3,3
Rejected,hard to find,difficult to find,hard to find any,far easier for,so hard to find,tough to find,hard to locate,just a matter of finding,hard to think of,impossible to find,tough to get,easy to find,a matter of finding,very hard to find,hard to imagine,hard to get,important to see,hard to put into,very difficult to find,getting harder to find,very hard to have,3,2,0,2,3,3,0,0,2,1,0,1,3,0,1,0,0,3,3,2
Approved,hard to find,difficult to find,hard to find any,far easier for,so hard to find,tough to find,hard to locate,just a matter of finding,hard to think of,impossible to find,tough to get,easy to find,a matter of finding,very hard to find,hard to imagine,hard to get,important to see,hard to put into,very difficult to find,getting harder to find,very hard to have,3,3,0,3,3,3,2,3,3,3,0,1,3,0,3,0,0,3,3,3
Approved,heavy artillery,artillery,artillery continued,mortar and machine-gun,howitzer,heavy rocket,mortar,heavy weapons,fierce artillery,heavy mortar,artillery and mortar,armored fighting vehicles,tanks and heavy artillery,heavy guns,six rockets,tank and artillery,mortars,small arms,sporadic mortar,other armored vehicles,mortar and artillery,3,2,2,3,3,3,3,3,3,3,1,3,3,2,3,3,1,3,1,3
Approved,heavy artillery,artillery,artillery continued,mortar and machine-gun,howitzer,heavy rocket,mortar,heavy weapons,fierce artillery,heavy mortar,artillery and mortar,armored fighting vehicles,tanks and heavy artillery,heavy guns,six rockets,tank and artillery,mortars,small arms,sporadic mortar,other armored vehicles,mortar and artillery,3,3,3,0,3,3,3,3,3,3,3,3,3,3,3,3,0,3,2,3
Rejected,held hostage,taken hostage,being held hostage,who were held hostage,held captive,who was held hostage,kidnapped,kept hostage,who had been held hostage,held,who had been taken hostage,held hostage in iraq,still held hostage,abducted,was held hostage,were held hostage,who was taken hostage,held by kidnappers,held hostages,were taken hostage,have been held hostage,2,2,2,3,2,3,2,2,1,2,3,2,3,2,2,2,2,2,2,2
Approved,held hostage,taken hostage,being held hostage,who were held hostage,held captive,who was held hostage,kidnapped,kept hostage,who had been held hostage,held,who had been taken hostage,held hostage in iraq,still held hostage,abducted,was held hostage,were held hostage,who was taken hostage,held by kidnappers,held hostages,were taken hostage,have been held hostage,3,3,3,3,3,2,3,3,1,3,3,3,2,3,3,3,2,3,3,3
Approved,held hostage,taken hostage,being held hostage,who were held hostage,held captive,who was held hostage,kidnapped,kept hostage,who had been held hostage,held,who had been taken hostage,held hostage in iraq,still held hostage,abducted,was held hostage,were held hostage,who was taken hostage,held by kidnappers,held hostages,were taken hostage,have been held hostage,3,3,3,3,3,3,3,3,3,3,3,3,3,3,3,3,3,3,3,3
Approved,held hostage,taken hostage,being held hostage,who were held hostage,held captive,who was held hostage,kidnapped,kept hostage,who had been held hostage,held,who had been taken hostage,held hostage in iraq,still held hostage,abducted,was held hostage,were held hostage,who was taken hostage,held by kidnappers,held hostages,were taken hostage,have been held hostage,3,3,2,3,2,3,3,2,2,2,3,3,3,3,2,2,3,2,3,2
Rejected,held hostage,taken hostage,being held hostage,who were held hostage,held captive,who was held hostage,kidnapped,kept hostage,who had been held hostage,held,who had been taken hostage,held hostage in iraq,still held hostage,abducted,was held hostage,were held hostage,who was taken hostage,held by kidnappers,held hostages,were taken hostage,have been held hostage,2,3,2,1,2,1,1,2,1,2,2,2,1,2,2,2,1,2,2,2
Approved,imminent danger,danger,immediate danger,imminent threat,unnecessary risk,immediate threat,immediate risk,no danger,growing danger,real danger,any danger,increasing danger,unreasonable risk,enormous contribution,a heightened risk,imminent risk,increasing threat,any immediate danger,grave danger,serious danger,present danger,3,3,3,0,3,3,0,3,3,0,3,1,0,2,2,3,3,3,3,3
Rejected,imminent danger,danger,immediate danger,imminent threat,unnecessary risk,immediate threat,immediate risk,no danger,growing danger,real danger,any danger,increasing danger,unreasonable risk,enormous contribution,a heightened risk,imminent risk,increasing threat,any immediate danger,grave danger,serious danger,present danger,2,3,3,1,3,2,1,1,1,1,1,0,0,1,0,1,2,2,2,2
Approved,imminent danger,danger,immediate danger,imminent threat,unnecessary risk,immediate threat,immediate risk,no danger,growing danger,real danger,any danger,increasing danger,unreasonable risk,enormous contribution,a heightened risk,imminent risk,increasing threat,any immediate danger,grave danger,serious danger,present danger,2,3,3,1,3,3,0,2,3,2,3,3,0,3,3,3,3,3,3,3
Rejected,imminent danger,danger,immediate danger,imminent threat,unnecessary risk,immediate threat,immediate risk,no danger,growing danger,real danger,any danger,increasing danger,unreasonable risk,enormous contribution,a heightened risk,imminent risk,increasing threat,any immediate danger,grave danger,serious danger,present danger,1,2,2,1,3,2,0,1,3,1,2,1,0,1,3,2,2,3,3,2
Approved,imminent danger,danger,immediate danger,imminent threat,unnecessary risk,immediate threat,immediate risk,no danger,growing danger,real danger,any danger,increasing danger,unreasonable risk,enormous contribution,a heightened risk,imminent risk,increasing threat,any immediate danger,grave danger,serious danger,present danger,2,3,3,0,3,2,0,2,2,2,2,0,0,2,3,3,2,3,3,2
Approved,information about,information on,details on,details about,immediate information on,immediate comment on,word on,immediate information about,information related to,information of,any information about,details of,knowledge of,comment on,further details on,information leading to the arrest of,information on the condition of,more information about,information regarding,additional information about,information about their,3,3,3,2,2,3,2,3,2,3,3,2,1,2,0,0,3,3,2,0
Rejected,information about,information on,details on,details about,immediate information on,immediate comment on,word on,immediate information about,information related to,information of,any information about,details of,knowledge of,comment on,further details on,information leading to the arrest of,information on the condition of,more information about,information regarding,additional information about,information about their,2,2,3,2,1,1,2,2,2,2,2,2,1,2,1,1,2,3,3,2
Rejected,information about,information on,details on,details about,immediate information on,immediate comment on,word on,immediate information about,information related to,information of,any information about,details of,knowledge of,comment on,further details on,information leading to the arrest of,information on the condition of,more information about,information regarding,additional information about,information about their,2,2,3,2,2,2,3,2,2,2,2,2,0,2,0,0,2,2,2,2
Approved,information about,information on,details on,details about,immediate information on,immediate comment on,word on,immediate information about,information related to,information of,any information about,details of,knowledge of,comment on,further details on,information leading to the arrest of,information on the condition of,more information about,information regarding,additional information about,information about their,3,3,3,2,1,3,2,3,2,2,3,3,2,2,2,2,2,3,2,2
Approved,information about,information on,details on,details about,immediate information on,immediate comment on,word on,immediate information about,information related to,information of,any information about,details of,knowledge of,comment on,further details on,information leading to the arrest of,information on the condition of,more information about,information regarding,additional information about,information about their,3,3,3,3,3,2,3,3,2,3,2,2,2,2,2,2,3,3,3,3
Rejected,information about,information on,details on,details about,immediate information on,immediate comment on,word on,immediate information about,information related to,information of,any information about,details of,knowledge of,comment on,further details on,information leading to the arrest of,information on the condition of,more information about,information regarding,additional information about,information about their,3,3,3,2,2,0,0,3,3,3,1,2,1,1,1,1,2,2,2,2
Approved,it is fair to say,it 's fair to say,most people would agree,it 's pretty clear,it 's fair to say that,there 's a consensus,that one thing,it is pretty clear,we have no doubt,it is fair,it 's really sad,there 's no question,it is more likely,it 's important,it makes perfect sense,what is happening is,i can turn,it is quite likely,it 's safe to say,we can safely say,it would be fair to say,3,3,3,2,3,0,3,1,2,0,3,3,0,1,3,0,3,3,3,2
Approved,it is fair to say,it 's fair to say,most people would agree,it 's pretty clear,it 's fair to say that,there 's a consensus,that one thing,it is pretty clear,we have no doubt,it is fair,it 's really sad,there 's no question,it is more likely,it 's important,it makes perfect sense,what is happening is,i can turn,it is quite likely,it 's safe to say,we can safely say,it would be fair to say,3,2,3,3,2,0,3,2,3,0,2,2,1,2,0,0,2,3,3,3
Approved,it is fair to say,it 's fair to say,most people would agree,it 's pretty clear,it 's fair to say that,there 's a consensus,that one thing,it is pretty clear,we have no doubt,it is fair,it 's really sad,there 's no question,it is more likely,it 's important,it makes perfect sense,what is happening is,i can turn,it is quite likely,it 's safe to say,we can safely say,it would be fair to say,3,3,3,3,3,3,3,3,3,0,0,2,1,3,3,3,3,3,3,3
Approved,lay the groundwork,lay groundwork,pave the way,lay the ground,prepare,prepare the ground,help pave the way,prepare the way,create a conducive atmosphere,smooth the way,set the foundation,set the stage,discuss preparations,rally arab support,line up support,lay the foundation,clear the way,create conditions,discuss plans,prepare the groundwork,draft a resolution,3,3,3,2,2,3,3,2,2,2,3,2,1,2,3,3,2,2,3,2
Approved,lay the groundwork,lay groundwork,pave the way,lay the ground,prepare,prepare the ground,help pave the way,prepare the way,create a conducive atmosphere,smooth the way,set the foundation,set the stage,discuss preparations,rally arab support,line up support,lay the foundation,clear the way,create conditions,discuss plans,prepare the groundwork,draft a resolution,3,3,2,3,1,3,3,3,2,3,3,1,0,1,3,1,2,1,3,0
Approved,lay the groundwork,lay groundwork,pave the way,lay the ground,prepare,prepare the ground,help pave the way,prepare the way,create a conducive atmosphere,smooth the way,set the foundation,set the stage,discuss preparations,rally arab support,line up support,lay the foundation,clear the way,create conditions,discuss plans,prepare the groundwork,draft a resolution,3,3,2,3,2,3,3,2,3,2,3,1,0,0,3,3,2,1,3,0
Rejected,lay the groundwork,lay groundwork,pave the way,lay the ground,prepare,prepare the ground,help pave the way,prepare the way,create a conducive atmosphere,smooth the way,set the foundation,set the stage,discuss preparations,rally arab support,line up support,lay the foundation,clear the way,create conditions,discuss plans,prepare the groundwork,draft a resolution,2,3,1,3,1,2,3,1,3,3,3,1,0,1,3,3,3,1,1,0
Approved,make ends meet,afford to eat,bring under control,stay sober,meet demand,get in shape for,earn enough money,mediate peace,remain viable,recover from recession,stay afloat,pay the rent,resettle them,raise a family,survive,pick themselves up,stay warm,cope,stay in business,make a living,meet the demand,2,0,0,1,0,2,0,2,2,3,2,1,1,2,1,1,1,2,3,0
Approved,make ends meet,afford to eat,bring under control,stay sober,meet demand,get in shape for,earn enough money,mediate peace,remain viable,recover from recession,stay afloat,pay the rent,resettle them,raise a family,survive,pick themselves up,stay warm,cope,stay in business,make a living,meet the demand,2,2,0,3,2,3,0,2,2,3,2,0,0,1,0,0,2,2,3,3
Approved,make ends meet,afford to eat,bring under control,stay sober,meet demand,get in shape for,earn enough money,mediate peace,remain viable,recover from recession,stay afloat,pay the rent,resettle them,raise a family,survive,pick themselves up,stay warm,cope,stay in business,make a living,meet the demand,0,3,0,3,0,2,2,2,2,3,3,3,3,3,3,2,3,2,3,3
Approved,mitigate,minimize,minimise,cushion,lessen,mitigate the,mitigate some of,reduce,offset,alleviate,ease,limit,decelerate,counter,soften,ameliorate,cope with,combat,assess,counteract,tackle,3,3,3,3,3,3,3,2,2,3,2,1,1,2,2,3,0,0,1,2
Approved,mitigate,minimize,minimise,cushion,lessen,mitigate the,mitigate some of,reduce,offset,alleviate,ease,limit,decelerate,counter,soften,ameliorate,cope with,combat,assess,counteract,tackle,3,2,3,3,3,3,3,3,3,3,3,1,3,3,3,2,3,3,2,1
Approved,mitigate,minimize,minimise,cushion,lessen,mitigate the,mitigate some of,reduce,offset,alleviate,ease,limit,decelerate,counter,soften,ameliorate,cope with,combat,assess,counteract,tackle,3,3,3,3,3,3,3,3,3,3,3,3,3,3,3,2,2,1,3,2
Approved,phenomenal,great,rapid,tremendous,good,remarkable,fantastic,meteoric,very good,strong positive,exponential,double-digit,runaway,wonderful,breakneck,rapid economic,pretty good,really good,compound annual,huge,heck of a,3,0,3,3,3,3,3,2,2,3,2,3,3,2,2,1,3,0,3,2
Approved,phenomenal,great,rapid,tremendous,good,remarkable,fantastic,meteoric,very good,strong positive,exponential,double-digit,runaway,wonderful,breakneck,rapid economic,pretty good,really good,compound annual,huge,heck of a,3,1,3,3,3,3,3,3,3,3,3,0,3,0,3,3,3,3,3,3
Approved,phenomenal,great,rapid,tremendous,good,remarkable,fantastic,meteoric,very good,strong positive,exponential,double-digit,runaway,wonderful,breakneck,rapid economic,pretty good,really good,compound annual,huge,heck of a,3,1,3,2,3,3,2,3,2,1,1,0,3,0,0,1,2,0,1,2
Approved,reason to believe,reason to think,reason to believe that,doubt,reasons to believe,"""reasonable suspicion",immediate indication that,explanation why,indication,evidence to conclude,evidence,reason to suppose,reason to think that,evidence to suggest,reason why,reason to expect that,way to know whether,reason to expect,question in my mind,telling whether,immediate indication,3,3,0,3,2,2,1,2,3,2,3,3,3,2,3,2,3,1,1,2
Approved,reason to believe,reason to think,reason to believe that,doubt,reasons to believe,"""reasonable suspicion",immediate indication that,explanation why,indication,evidence to conclude,evidence,reason to suppose,reason to think that,evidence to suggest,reason why,reason to expect that,way to know whether,reason to expect,question in my mind,telling whether,immediate indication,3,2,1,2,1,1,0,1,3,2,3,2,2,2,2,1,3,1,0,1
Approved,reason to believe,reason to think,reason to believe that,doubt,reasons to believe,"""reasonable suspicion",immediate indication that,explanation why,indication,evidence to conclude,evidence,reason to suppose,reason to think that,evidence to suggest,reason why,reason to expect that,way to know whether,reason to expect,question in my mind,telling whether,immediate indication,3,3,0,3,1,3,3,3,3,3,3,3,3,2,2,2,2,2,2,2
Approved,refused to talk,refused to speak,left without speaking,refused to negotiate,declined to talk,did not speak,declined to speak,been tight-lipped,barred access,refused to deal,have refused to negotiate,not spoken,made no statements,yet to react,made similar claims,made no announcement,refuse to meet,has refused to talk,reacted with anger,would not speak,did n't talk,3,2,3,3,2,3,2,1,2,2,2,2,0,0,1,2,2,1,3,3
Approved,refused to talk,refused to speak,left without speaking,refused to negotiate,declined to talk,did not speak,declined to speak,been tight-lipped,barred access,refused to deal,have refused to negotiate,not spoken,made no statements,yet to react,made similar claims,made no announcement,refuse to meet,has refused to talk,reacted with anger,would not speak,did n't talk,3,2,3,3,3,3,2,1,3,3,2,2,2,1,3,3,3,1,3,3
Approved,refused to talk,refused to speak,left without speaking,refused to negotiate,declined to talk,did not speak,declined to speak,been tight-lipped,barred access,refused to deal,have refused to negotiate,not spoken,made no statements,yet to react,made similar claims,made no announcement,refuse to meet,has refused to talk,reacted with anger,would not speak,did n't talk,3,3,3,3,3,2,3,2,3,3,3,3,2,2,2,3,3,3,2,3
Approved,rules and regulations,basic norms,measures and policies,rules,regulations,principles as,work plans,laws and regulations,a regulatory framework,"legislation , which was",rules of the road,provisions of the act,political documents,laws,basic standards,relevant policies,the constitution,counter proposals,"quality , not",goals and objectives,legislative measures,3,3,3,3,3,3,3,3,3,3,3,3,3,3,2,1,3,1,0,2
Approved,rules and regulations,basic norms,measures and policies,rules,regulations,principles as,work plans,laws and regulations,a regulatory framework,"legislation , which was",rules of the road,provisions of the act,political documents,laws,basic standards,relevant policies,the constitution,counter proposals,"quality , not",goals and objectives,legislative measures,2,3,2,2,1,1,3,3,1,3,1,0,1,1,1,1,0,0,0,1
Approved,rules and regulations,basic norms,measures and policies,rules,regulations,principles as,work plans,laws and regulations,a regulatory framework,"legislation , which was",rules of the road,provisions of the act,political documents,laws,basic standards,relevant policies,the constitution,counter proposals,"quality , not",goals and objectives,legislative measures,1,2,3,3,2,2,3,2,2,2,2,0,3,2,2,1,1,0,2,2
Approved,seriously injured,injured,wounded,seriously wounded,killed,seriously injuring,critically injured,severely injured,seriously hurt,badly injured,others injured,gravely wounded,critically wounded,also seriously injured,slightly injured,wounded friday,injured on,killed and six others injured,also injured,killed and two others injured,also wounded,2,2,3,1,3,3,3,3,3,1,2,2,3,1,1,1,2,2,2,2
Approved,seriously injured,injured,wounded,seriously wounded,killed,seriously injuring,critically injured,severely injured,seriously hurt,badly injured,others injured,gravely wounded,critically wounded,also seriously injured,slightly injured,wounded friday,injured on,killed and six others injured,also injured,killed and two others injured,also wounded,3,3,3,3,3,3,3,3,3,2,3,3,3,1,0,2,3,3,3,3
Approved,seriously injured,injured,wounded,seriously wounded,killed,seriously injuring,critically injured,severely injured,seriously hurt,badly injured,others injured,gravely wounded,critically wounded,also seriously injured,slightly injured,wounded friday,injured on,killed and six others injured,also injured,killed and two others injured,also wounded,3,3,3,1,3,3,3,3,3,1,3,3,3,1,2,2,2,2,2,2
Approved,stark,sharp,marked,grim,sobering,vivid,striking,starker,chilling,dramatic,stern,hobson 's,poignant,jarring,blunt,direct,veiled,startling,painful,clear,timely,3,1,3,3,3,3,3,3,3,1,0,3,3,3,3,0,3,1,3,0
Approved,stark,sharp,marked,grim,sobering,vivid,striking,starker,chilling,dramatic,stern,hobson 's,poignant,jarring,blunt,direct,veiled,startling,painful,clear,timely,3,3,3,2,3,3,3,3,3,3,0,0,3,3,3,3,3,3,3,3
Rejected,stark,sharp,marked,grim,sobering,vivid,striking,starker,chilling,dramatic,stern,hobson 's,poignant,jarring,blunt,direct,veiled,startling,painful,clear,timely,0,0,3,3,0,0,2,0,0,2,0,0,0,0,0,0,0,0,0,0
Approved,stark,sharp,marked,grim,sobering,vivid,striking,starker,chilling,dramatic,stern,hobson 's,poignant,jarring,blunt,direct,veiled,startling,painful,clear,timely,3,0,2,2,3,3,2,2,3,2,0,0,3,3,1,0,3,0,3,0
Approved,stepping stone,stepping-stone,steppingstone,jumping-off point,springboard,prelude,precursor,strong platform,step on the way,transit point,necessary first step,first step,step,potential successor,way station,transit country,formal step,launching pad,jumping off point,key step,crucial first step,3,3,1,3,3,1,3,3,3,3,3,3,3,0,0,3,3,3,3,3
Approved,stepping stone,stepping-stone,steppingstone,jumping-off point,springboard,prelude,precursor,strong platform,step on the way,transit point,necessary first step,first step,step,potential successor,way station,transit country,formal step,launching pad,jumping off point,key step,crucial first step,3,3,3,3,3,3,1,2,1,2,2,2,1,0,0,0,2,3,2,2
Approved,strike a balance,find a balance,strike a delicate balance,walk a fine line,find the balance,keep a balance,find the right balance,walk a tightrope,find a middle ground,encourage reconciliation,draw a distinction,tread a fine line,strike the right balance,drive a wedge,maintain a balance,strengthen his hand,put distance,produce positive results,end fighting,maintain the balance,appropriate balance,3,3,3,3,3,3,3,3,3,0,3,3,0,3,0,0,0,0,3,3
Approved,strike a balance,find a balance,strike a delicate balance,walk a fine line,find the balance,keep a balance,find the right balance,walk a tightrope,find a middle ground,encourage reconciliation,draw a distinction,tread a fine line,strike the right balance,drive a wedge,maintain a balance,strengthen his hand,put distance,produce positive results,end fighting,maintain the balance,appropriate balance,3,2,1,3,3,3,1,3,3,0,1,3,1,3,2,1,2,3,3,3
Approved,strike a balance,find a balance,strike a delicate balance,walk a fine line,find the balance,keep a balance,find the right balance,walk a tightrope,find a middle ground,encourage reconciliation,draw a distinction,tread a fine line,strike the right balance,drive a wedge,maintain a balance,strengthen his hand,put distance,produce positive results,end fighting,maintain the balance,appropriate balance,3,3,2,3,3,3,2,2,2,0,2,3,0,3,0,0,1,1,3,3
Rejected,strike a balance,find a balance,strike a delicate balance,walk a fine line,find the balance,keep a balance,find the right balance,walk a tightrope,find a middle ground,encourage reconciliation,draw a distinction,tread a fine line,strike the right balance,drive a wedge,maintain a balance,strengthen his hand,put distance,produce positive results,end fighting,maintain the balance,appropriate balance,3,3,2,3,2,3,2,2,1,1,1,3,1,2,0,0,0,1,2,2
Rejected,strike a balance,find a balance,strike a delicate balance,walk a fine line,find the balance,keep a balance,find the right balance,walk a tightrope,find a middle ground,encourage reconciliation,draw a distinction,tread a fine line,strike the right balance,drive a wedge,maintain a balance,strengthen his hand,put distance,produce positive results,end fighting,maintain the balance,appropriate balance,2,1,1,2,1,2,0,2,1,0,1,2,0,1,0,0,1,0,1,1
Rejected,strike a balance,find a balance,strike a delicate balance,walk a fine line,find the balance,keep a balance,find the right balance,walk a tightrope,find a middle ground,encourage reconciliation,draw a distinction,tread a fine line,strike the right balance,drive a wedge,maintain a balance,strengthen his hand,put distance,produce positive results,end fighting,maintain the balance,appropriate balance,3,2,0,2,2,2,0,2,0,0,0,2,1,2,0,0,0,0,2,2
Approved,tainted,contaminated,marred,melamine-tainted,hiv-tainted,laced,products contaminated,tarnished,tainted chinese,the tainted,the contaminated,adulterated,unheated,possibly tainted,aids-tainted,dogged,tainted baby,toxic,hiv-contaminated,plagued,had tainted,3,2,2,2,3,2,3,2,2,2,3,0,2,2,0,2,2,2,2,2
Approved,tainted,contaminated,marred,melamine-tainted,hiv-tainted,laced,products contaminated,tarnished,tainted chinese,the tainted,the contaminated,adulterated,unheated,possibly tainted,aids-tainted,dogged,tainted baby,toxic,hiv-contaminated,plagued,had tainted,3,3,3,3,3,3,3,3,3,3,3,0,3,3,0,0,3,3,3,3
Approved,tainted,contaminated,marred,melamine-tainted,hiv-tainted,laced,products contaminated,tarnished,tainted chinese,the tainted,the contaminated,adulterated,unheated,possibly tainted,aids-tainted,dogged,tainted baby,toxic,hiv-contaminated,plagued,had tainted,3,3,2,2,3,2,3,2,3,3,3,1,3,2,0,3,3,2,3,3
Approved,television show,tv show,wednesday edition of,television program,tv program,weekend show,program,tonight '' show,television programme,news program,tv series,conference call with wall street analysts,nbc series,show in town,television address,radio show,cbs show,ice dancers,radio talk show,talk show,jay leno show,3,0,3,3,1,2,1,3,1,1,0,1,0,1,0,1,0,0,1,1
Approved,television show,tv show,wednesday edition of,television program,tv program,weekend show,program,tonight '' show,television programme,news program,tv series,conference call with wall street analysts,nbc series,show in town,television address,radio show,cbs show,ice dancers,radio talk show,talk show,jay leno show,3,1,3,3,1,1,1,3,1,3,0,1,1,1,1,1,0,1,1,1
Approved,television show,tv show,wednesday edition of,television program,tv program,weekend show,program,tonight '' show,television programme,news program,tv series,conference call with wall street analysts,nbc series,show in town,television address,radio show,cbs show,ice dancers,radio talk show,talk show,jay leno show,3,0,3,3,1,2,1,3,1,2,0,1,0,2,0,2,0,0,1,1
Rejected,television show,tv show,wednesday edition of,television program,tv program,weekend show,program,tonight '' show,television programme,news program,tv series,conference call with wall street analysts,nbc series,show in town,television address,radio show,cbs show,ice dancers,radio talk show,talk show,jay leno show,3,0,3,3,1,1,1,3,1,2,0,1,0,0,0,1,0,0,1,1
Approved,tentative agreement,tentative deal,preliminary agreement,tentative contract agreement,basic agreement,verbal agreement,deal,provisional agreement,tentative accord,last-minute agreement,preliminary deal,tentative contract,contract agreement,tentative pact,compromise,tentative settlement,tentative deal on,definitive agreement,consensus,final agreement,a tentative agreement,3,2,3,2,2,2,2,3,1,2,3,2,3,1,3,2,1,1,1,2
Approved,tentative agreement,tentative deal,preliminary agreement,tentative contract agreement,basic agreement,verbal agreement,deal,provisional agreement,tentative accord,last-minute agreement,preliminary deal,tentative contract,contract agreement,tentative pact,compromise,tentative settlement,tentative deal on,definitive agreement,consensus,final agreement,a tentative agreement,3,3,3,3,3,3,3,3,2,3,3,3,3,0,1,3,3,3,3,3
Approved,tentative agreement,tentative deal,preliminary agreement,tentative contract agreement,basic agreement,verbal agreement,deal,provisional agreement,tentative accord,last-minute agreement,preliminary deal,tentative contract,contract agreement,tentative pact,compromise,tentative settlement,tentative deal on,definitive agreement,consensus,final agreement,a tentative agreement,3,2,3,2,2,2,2,3,2,3,3,2,3,1,3,3,1,1,1,3
Rejected,tentative agreement,tentative deal,preliminary agreement,tentative contract agreement,basic agreement,verbal agreement,deal,provisional agreement,tentative accord,last-minute agreement,preliminary deal,tentative contract,contract agreement,tentative pact,compromise,tentative settlement,tentative deal on,definitive agreement,consensus,final agreement,a tentative agreement,3,3,3,1,1,1,3,3,1,2,3,1,3,0,1,3,0,1,0,3
Approved,terrorist attack,terrorist attack ever,terror attack,offshore oil spill,act of domestic terrorism,terrorist atrocity,act of terrorism,terrorist strike,campus shooting,terrorist act,terror strike,mass shooting,terrorist attacks,dec. 13 attack,attack,terrorist assault,terrorism attack,oil spill,december 13 attack,attack ever,domestic terrorist attack,3,3,0,3,3,3,3,1,3,3,3,3,3,3,3,3,0,3,1,3
Approved,terrorist attack,terrorist attack ever,terror attack,offshore oil spill,act of domestic terrorism,terrorist atrocity,act of terrorism,terrorist strike,campus shooting,terrorist act,terror strike,mass shooting,terrorist attacks,dec. 13 attack,attack,terrorist assault,terrorism attack,oil spill,december 13 attack,attack ever,domestic terrorist attack,2,3,1,3,3,2,3,1,3,3,1,2,1,1,3,2,1,1,1,3
Approved,terrorist attack,terrorist attack ever,terror attack,offshore oil spill,act of domestic terrorism,terrorist atrocity,act of terrorism,terrorist strike,campus shooting,terrorist act,terror strike,mass shooting,terrorist attacks,dec. 13 attack,attack,terrorist assault,terrorism attack,oil spill,december 13 attack,attack ever,domestic terrorist attack,3,3,1,2,3,3,3,1,3,3,1,3,2,2,3,3,1,2,0,3
Approved,terrorist group,terrorist organisation,terrorist organization,terror group,"""terrorist "" group","""terrorist "" organisation",terror organization,terror organisation,terrorist outfit,terror outfit,terror network,southeast asian terror group,"""terrorist organisation",militant network,southeast asian terror network,militant group,"""foreign terrorist organization",regional terrorist network,regional terror group,terrorist network,"terror network , which",3,3,3,3,3,3,3,3,3,3,3,3,3,3,3,3,3,3,3,3
Approved,terrorist group,terrorist organisation,terrorist organization,terror group,"""terrorist "" group","""terrorist "" organisation",terror organization,terror organisation,terrorist outfit,terror outfit,terror network,southeast asian terror group,"""terrorist organisation",militant network,southeast asian terror network,militant group,"""foreign terrorist organization",regional terrorist network,regional terror group,terrorist network,"terror network , which",2,3,3,2,2,3,2,3,3,3,3,2,3,2,3,2,3,3,3,3
Rejected,terrorist group,terrorist organisation,terrorist organization,terror group,"""terrorist "" group","""terrorist "" organisation",terror organization,terror organisation,terrorist outfit,terror outfit,terror network,southeast asian terror group,"""terrorist organisation",militant network,southeast asian terror network,militant group,"""foreign terrorist organization",regional terrorist network,regional terror group,terrorist network,"terror network , which",3,3,3,3,3,3,2,1,1,3,1,3,1,1,1,1,1,1,3,1
Approved,terrorist group,terrorist organisation,terrorist organization,terror group,"""terrorist "" group","""terrorist "" organisation",terror organization,terror organisation,terrorist outfit,terror outfit,terror network,southeast asian terror group,"""terrorist organisation",militant network,southeast asian terror network,militant group,"""foreign terrorist organization",regional terrorist network,regional terror group,terrorist network,"terror network , which",3,3,3,3,3,3,3,2,2,2,1,3,1,1,3,2,2,2,2,2
Rejected,terrorist group,terrorist organisation,terrorist organization,terror group,"""terrorist "" group","""terrorist "" organisation",terror organization,terror organisation,terrorist outfit,terror outfit,terror network,southeast asian terror group,"""terrorist organisation",militant network,southeast asian terror network,militant group,"""foreign terrorist organization",regional terrorist network,regional terror group,terrorist network,"terror network , which",3,3,3,3,3,3,3,0,0,3,2,3,3,3,3,3,3,3,3,3
Rejected,the most important thing,that the most important thing,the best thing,the biggest thing,the greatest gift,the important thing,the hardest one,the greatest thing,the biggest lesson,an essential condition,the interesting thing,the most surprising thing,the worst thing,an awful thing,what is important,a good program,the dominant issue,the most interesting thing,the more important thing,our goal,probably the most important thing,2,1,1,1,2,1,1,1,0,1,1,0,0,1,0,1,3,3,0,1
Approved,the most important thing,that the most important thing,the best thing,the biggest thing,the greatest gift,the important thing,the hardest one,the greatest thing,the biggest lesson,an essential condition,the interesting thing,the most surprising thing,the worst thing,an awful thing,what is important,a good program,the dominant issue,the most interesting thing,the more important thing,our goal,probably the most important thing,2,2,2,2,3,0,2,2,2,2,2,1,1,3,0,3,2,2,0,3
Approved,the most important thing,that the most important thing,the best thing,the biggest thing,the greatest gift,the important thing,the hardest one,the greatest thing,the biggest lesson,an essential condition,the interesting thing,the most surprising thing,the worst thing,an awful thing,what is important,a good program,the dominant issue,the most interesting thing,the more important thing,our goal,probably the most important thing,2,1,3,1,3,0,3,1,0,1,1,0,0,1,0,0,1,1,0,2
Approved,the most important thing,that the most important thing,the best thing,the biggest thing,the greatest gift,the important thing,the hardest one,the greatest thing,the biggest lesson,an essential condition,the interesting thing,the most surprising thing,the worst thing,an awful thing,what is important,a good program,the dominant issue,the most interesting thing,the more important thing,our goal,probably the most important thing,2,2,2,1,2,1,2,1,1,1,1,1,1,2,0,3,2,2,0,3
Approved,to analyze,to analyse,must endorse,to analyzing,to review,is now testing,to humble,to study,to assess,to figure out whether,to speed up the implementation of,to discuss other,our investigation into,to evaluate,to conclude whether,to provide some of,to stay here until,to devote to,"to ""examine",for me to accept,to discuss,3,0,2,2,0,0,2,2,3,0,0,0,2,2,0,0,0,2,0,0
Approved,to analyze,to analyse,must endorse,to analyzing,to review,is now testing,to humble,to study,to assess,to figure out whether,to speed up the implementation of,to discuss other,our investigation into,to evaluate,to conclude whether,to provide some of,to stay here until,to devote to,"to ""examine",for me to accept,to discuss,3,0,3,2,3,1,3,3,3,2,3,3,3,3,3,3,2,3,3,2
Approved,to analyze,to analyse,must endorse,to analyzing,to review,is now testing,to humble,to study,to assess,to figure out whether,to speed up the implementation of,to discuss other,our investigation into,to evaluate,to conclude whether,to provide some of,to stay here until,to devote to,"to ""examine",for me to accept,to discuss,3,0,3,2,2,0,3,3,2,1,0,1,3,2,0,0,0,3,0,1
Approved,turning point,"""turning point",milestone,turning-point,watershed,new milestone,major milestone,major turning point,breakthrough,sharp escalation,new stage,defining moment,new phase,new chapter,pivot point,key moment,major shift,historic turning point,pivotal moment,major step forward,sea change,3,3,3,2,2,2,3,2,0,1,1,2,2,3,1,2,3,2,1,0
Approved,turning point,"""turning point",milestone,turning-point,watershed,new milestone,major milestone,major turning point,breakthrough,sharp escalation,new stage,defining moment,new phase,new chapter,pivot point,key moment,major shift,historic turning point,pivotal moment,major step forward,sea change,3,3,3,3,3,3,3,3,3,3,3,2,2,3,3,3,3,3,3,3
Approved,turning point,"""turning point",milestone,turning-point,watershed,new milestone,major milestone,major turning point,breakthrough,sharp escalation,new stage,defining moment,new phase,new chapter,pivot point,key moment,major shift,historic turning point,pivotal moment,major step forward,sea change,3,2,3,2,3,3,3,2,1,2,2,2,2,3,2,3,3,3,2,2
Rejected,turning point,"""turning point",milestone,turning-point,watershed,new milestone,major milestone,major turning point,breakthrough,sharp escalation,new stage,defining moment,new phase,new chapter,pivot point,key moment,major shift,historic turning point,pivotal moment,major step forward,sea change,3,0,3,0,0,0,3,0,0,2,2,2,2,2,2,2,2,2,2,0
Rejected,unprecedented,unprecendented,unusual,extraordinary,alarming,"""unprecedented",all-out,unparalleled,unusually high,historic,enormous,apparent,increasing,unexpected,highly unusual,unprecedented international,astonishing,emergency,unprecedented period of,important,increase in the,3,3,3,1,3,0,1,1,3,0,0,0,3,3,2,2,0,2,1,0
Approved,unprecedented,unprecendented,unusual,extraordinary,alarming,"""unprecedented",all-out,unparalleled,unusually high,historic,enormous,apparent,increasing,unexpected,highly unusual,unprecedented international,astonishing,emergency,unprecedented period of,important,increase in the,3,2,3,3,3,1,3,3,2,3,1,3,3,3,3,3,2,2,1,3
Rejected,unprecedented,unprecendented,unusual,extraordinary,alarming,"""unprecedented",all-out,unparalleled,unusually high,historic,enormous,apparent,increasing,unexpected,highly unusual,unprecedented international,astonishing,emergency,unprecedented period of,important,increase in the,3,1,2,1,3,0,2,1,2,0,0,0,1,1,1,1,0,1,1,0
Rejected,unprecedented,unprecendented,unusual,extraordinary,alarming,"""unprecedented",all-out,unparalleled,unusually high,historic,enormous,apparent,increasing,unexpected,highly unusual,unprecedented international,astonishing,emergency,unprecedented period of,important,increase in the,3,1,1,1,2,0,3,0,1,0,0,0,1,1,2,1,0,2,0,0
Approved,unprecedented,unprecendented,unusual,extraordinary,alarming,"""unprecedented",all-out,unparalleled,unusually high,historic,enormous,apparent,increasing,unexpected,highly unusual,unprecedented international,astonishing,emergency,unprecedented period of,important,increase in the,3,3,3,2,3,1,3,2,3,1,0,0,3,3,3,3,1,3,2,0
Approved,unprecedented,unprecendented,unusual,extraordinary,alarming,"""unprecedented",all-out,unparalleled,unusually high,historic,enormous,apparent,increasing,unexpected,highly unusual,unprecedented international,astonishing,emergency,unprecedented period of,important,increase in the,2,3,3,3,2,2,3,2,0,3,0,0,3,3,2,3,0,2,2,2
Rejected,vociferous,vocal,outspoken,vehement,ardent,fierce,staunch,strident,fervent,implacable,strenuous,boisterous,one of the harshest,virulent,strong,prominent,frequent,harsh,some of the toughest,fiercely partisan,persistent,1,1,3,1,1,0,3,2,0,0,3,0,2,0,2,0,0,0,0,0
Rejected,vociferous,vocal,outspoken,vehement,ardent,fierce,staunch,strident,fervent,implacable,strenuous,boisterous,one of the harshest,virulent,strong,prominent,frequent,harsh,some of the toughest,fiercely partisan,persistent,3,3,1,1,3,3,1,1,2,1,3,2,2,2,2,0,2,2,2,2
Rejected,vociferous,vocal,outspoken,vehement,ardent,fierce,staunch,strident,fervent,implacable,strenuous,boisterous,one of the harshest,virulent,strong,prominent,frequent,harsh,some of the toughest,fiercely partisan,persistent,2,3,2,2,2,1,3,2,1,1,3,1,1,1,0,0,0,0,0,1
Approved,vociferous,vocal,outspoken,vehement,ardent,fierce,staunch,strident,fervent,implacable,strenuous,boisterous,one of the harshest,virulent,strong,prominent,frequent,harsh,some of the toughest,fiercely partisan,persistent,2,3,3,3,2,2,2,2,1,1,1,1,1,1,0,0,2,1,2,2
Approved,vociferous,vocal,outspoken,vehement,ardent,fierce,staunch,strident,fervent,implacable,strenuous,boisterous,one of the harshest,virulent,strong,prominent,frequent,harsh,some of the toughest,fiercely partisan,persistent,3,3,3,3,3,3,3,3,1,0,3,2,3,3,3,0,3,2,1,3
Rejected,vociferous,vocal,outspoken,vehement,ardent,fierce,staunch,strident,fervent,implacable,strenuous,boisterous,one of the harshest,virulent,strong,prominent,frequent,harsh,some of the toughest,fiercely partisan,persistent,1,2,3,2,2,2,2,2,2,1,2,2,2,1,1,0,1,2,1,2
Approved,vociferous,vocal,outspoken,vehement,ardent,fierce,staunch,strident,fervent,implacable,strenuous,boisterous,one of the harshest,virulent,strong,prominent,frequent,harsh,some of the toughest,fiercely partisan,persistent,3,3,3,3,3,3,3,3,3,3,0,3,3,3,3,3,3,3,3,3
Approved,watchful eye,close eye,close watch,wary eye,watchful eyes,watchful gaze,tight lid,careful eye,lid,sharp eye,closer eye,tight grip,tight rein,gaze,tutelage,closer watch,auspices,supervision,keen eye,low profile,careful watch,3,3,3,3,3,1,3,0,3,3,3,3,2,0,3,0,2,3,0,3
Approved,watchful eye,close eye,close watch,wary eye,watchful eyes,watchful gaze,tight lid,careful eye,lid,sharp eye,closer eye,tight grip,tight rein,gaze,tutelage,closer watch,auspices,supervision,keen eye,low profile,careful watch,3,3,3,2,3,0,3,0,3,3,0,0,3,0,3,0,1,3,0,2
Approved,watchful eye,close eye,close watch,wary eye,watchful eyes,watchful gaze,tight lid,careful eye,lid,sharp eye,closer eye,tight grip,tight rein,gaze,tutelage,closer watch,auspices,supervision,keen eye,low profile,careful watch,0,3,3,3,3,3,3,0,3,3,3,2,3,0,3,0,3,3,1,3
Approved,weapons of mass destruction,banned weapons,wmd,unconventional weapons,chemical and biological weapons,any weapons of mass destruction,mass destruction weapons,arms of mass destruction,nuclear weapons,such weapons,any banned weapons,wmds,alleged weapons of mass destruction,banned weapons programmes,nuclear weaponry,illicit weapons,weapons,"nuclear , chemical , biological",biological and chemical weapons,weapons of mass destruction programs,its weapons of mass destruction,2,3,2,3,3,3,3,3,0,3,3,3,3,3,3,1,3,3,3,3
Approved,weapons of mass destruction,banned weapons,wmd,unconventional weapons,chemical and biological weapons,any weapons of mass destruction,mass destruction weapons,arms of mass destruction,nuclear weapons,such weapons,any banned weapons,wmds,alleged weapons of mass destruction,banned weapons programmes,nuclear weaponry,illicit weapons,weapons,"nuclear , chemical , biological",biological and chemical weapons,weapons of mass destruction programs,its weapons of mass destruction,2,3,2,2,3,3,3,2,1,2,3,3,2,2,2,1,2,2,3,3
