AssignmentStatus,Input.INPUT_PHRASE,Input.1,Input.2,Input.3,Input.4,Input.5,Input.6,Input.7,Input.8,Input.9,Input.10,Input.11,Input.12,Input.13,Input.14,Input.15,Input.16,Input.17,Input.18,Input.19,Input.20,Answer.InputA,Answer.InputB,Answer.InputC,Answer.InputD,Answer.InputE,Answer.InputF,Answer.InputG,Answer.InputH,Answer.InputI,Answer.InputJ,Answer.InputK,Answer.InputL,Answer.InputM,Answer.InputN,Answer.InputO,Answer.InputP,Answer.InputQ,Answer.InputR,Answer.InputS,Answer.InputT
Approved,stark,sharp,marked,grim,sobering,vivid,striking,dramatic,stern,jarring,chilling,starker,thinly veiled,timely,stunning,poignant,startling,veiled,blunt,glaring,direct,3,3,2,2,3,3,2,2,3,2,3,0,0,2,1,3,0,0,2,1
Rejected,stark,sharp,marked,grim,sobering,vivid,striking,dramatic,stern,jarring,chilling,starker,thinly veiled,timely,stunning,poignant,startling,veiled,blunt,glaring,direct,0,0,3,2,3,0,3,3,2,2,2,1,0,2,3,2,1,1,2,3
Rejected,stark,sharp,marked,grim,sobering,vivid,striking,dramatic,stern,jarring,chilling,starker,thinly veiled,timely,stunning,poignant,startling,veiled,blunt,glaring,direct,3,0,0,2,0,0,2,0,0,0,2,2,0,0,0,3,1,1,3,2
Rejected,stark,sharp,marked,grim,sobering,vivid,striking,dramatic,stern,jarring,chilling,starker,thinly veiled,timely,stunning,poignant,startling,veiled,blunt,glaring,direct,0,0,3,3,0,0,0,0,2,2,2,0,0,0,0,0,0,0,0,0
Rejected,stark,sharp,marked,grim,sobering,vivid,striking,dramatic,stern,jarring,chilling,starker,thinly veiled,timely,stunning,poignant,startling,veiled,blunt,glaring,direct,1,0,3,3,1,1,1,3,1,3,2,1,0,1,1,1,1,3,1,1
Approved,stark,sharp,marked,grim,sobering,vivid,striking,dramatic,stern,jarring,chilling,starker,thinly veiled,timely,stunning,poignant,startling,veiled,blunt,glaring,direct,3,2,3,3,3,3,3,1,3,3,3,1,0,3,3,3,0,3,3,2
Approved,abject poverty,poverty,extreme poverty,dire poverty,urban areas,rural areas,slums,low-lying areas,enclaves,grinding poverty,squalor,exile,misery,absolute poverty,towns,the rural areas,malnutrition,phoenix,the san fernando valley,the disease,india,2,3,3,1,1,1,0,0,3,1,0,1,3,0,1,1,0,0,0,0
Approved,abject poverty,poverty,extreme poverty,dire poverty,urban areas,rural areas,slums,low-lying areas,enclaves,grinding poverty,squalor,exile,misery,absolute poverty,towns,the rural areas,malnutrition,phoenix,the san fernando valley,the disease,india,3,3,3,1,1,1,1,0,2,1,0,1,3,1,1,1,0,0,0,0
Approved,abject poverty,poverty,extreme poverty,dire poverty,urban areas,rural areas,slums,low-lying areas,enclaves,grinding poverty,squalor,exile,misery,absolute poverty,towns,the rural areas,malnutrition,phoenix,the san fernando valley,the disease,india,3,3,3,0,0,0,0,0,3,0,0,0,3,0,0,0,0,0,0,0
Rejected,abject poverty,poverty,extreme poverty,dire poverty,urban areas,rural areas,slums,low-lying areas,enclaves,grinding poverty,squalor,exile,misery,absolute poverty,towns,the rural areas,malnutrition,phoenix,the san fernando valley,the disease,india,2,3,3,0,0,0,0,0,0,2,0,0,3,0,0,0,0,0,0,0
Approved,appalling,abominable,"""heinous",heinous,inhuman,"""appalling",enviable,atrocious,squalid,abysmal,excellent,unmatched,poor,tragic,astonishing,unforgivable,horrible,humbling,deplorable,egregious,working and,3,2,3,0,2,1,3,0,3,1,0,3,0,0,2,3,0,3,3,0
Approved,appalling,abominable,"""heinous",heinous,inhuman,"""appalling",enviable,atrocious,squalid,abysmal,excellent,unmatched,poor,tragic,astonishing,unforgivable,horrible,humbling,deplorable,egregious,working and,3,2,2,1,3,1,1,0,1,0,1,0,1,3,0,1,0,1,1,0
Approved,appalling,abominable,"""heinous",heinous,inhuman,"""appalling",enviable,atrocious,squalid,abysmal,excellent,unmatched,poor,tragic,astonishing,unforgivable,horrible,humbling,deplorable,egregious,working and,3,3,3,3,3,0,3,1,3,0,1,1,3,2,1,3,0,3,3,0
Approved,bridge the gap,narrow the gap,bridge the gaps,resolve the differences,bridge differences,repair relations,have any kind,find a compromise,forge peace,improve relations,forge closer ties,broker a ceasefire,build trust,strike a balance,narrow differences,drive a wedge,iron out differences,defuse tensions,improve ties,resolve conflicts,mediate,2,3,3,3,3,0,3,2,2,0,2,0,1,3,1,2,0,1,2,0
Approved,bridge the gap,narrow the gap,bridge the gaps,resolve the differences,bridge differences,repair relations,have any kind,find a compromise,forge peace,improve relations,forge closer ties,broker a ceasefire,build trust,strike a balance,narrow differences,drive a wedge,iron out differences,defuse tensions,improve ties,resolve conflicts,mediate,3,3,2,3,2,0,2,2,2,2,2,2,2,3,0,2,2,2,2,2
Approved,bridge the gap,narrow the gap,bridge the gaps,resolve the differences,bridge differences,repair relations,have any kind,find a compromise,forge peace,improve relations,forge closer ties,broker a ceasefire,build trust,strike a balance,narrow differences,drive a wedge,iron out differences,defuse tensions,improve ties,resolve conflicts,mediate,3,2,2,2,2,0,3,3,2,2,1,1,3,2,1,2,2,2,2,3
Rejected,bridge the gap,narrow the gap,bridge the gaps,resolve the differences,bridge differences,repair relations,have any kind,find a compromise,forge peace,improve relations,forge closer ties,broker a ceasefire,build trust,strike a balance,narrow differences,drive a wedge,iron out differences,defuse tensions,improve ties,resolve conflicts,mediate,0,0,3,2,3,0,2,0,2,2,2,2,2,2,1,3,0,2,2,3
Approved,broke up,have broken up,disintegrated,dispersed,tried to break up,broke apart,tore apart,breaking up,collapsed,to break up,'s collapse,broke in two,imploded,had foiled,quelled,fell apart,for participating in,ended,tried to block,have imposed,tore up,3,2,2,2,2,2,2,1,3,1,1,1,0,0,2,0,0,0,0,1
Rejected,broke up,have broken up,disintegrated,dispersed,tried to break up,broke apart,tore apart,breaking up,collapsed,to break up,'s collapse,broke in two,imploded,had foiled,quelled,fell apart,for participating in,ended,tried to block,have imposed,tore up,2,3,3,0,3,2,2,3,2,2,0,0,3,0,3,0,3,0,0,2
Approved,broke up,have broken up,disintegrated,dispersed,tried to break up,broke apart,tore apart,breaking up,collapsed,to break up,'s collapse,broke in two,imploded,had foiled,quelled,fell apart,for participating in,ended,tried to block,have imposed,tore up,3,2,2,0,3,1,2,1,2,1,2,0,0,3,3,0,3,1,1,1
Approved,broke up,have broken up,disintegrated,dispersed,tried to break up,broke apart,tore apart,breaking up,collapsed,to break up,'s collapse,broke in two,imploded,had foiled,quelled,fell apart,for participating in,ended,tried to block,have imposed,tore up,3,2,2,3,3,3,3,2,3,2,3,2,2,2,3,0,2,0,1,3
Approved,capital punishment,the death penalty,the capital punishment,executions,death penalty,that the death penalty,up to three years in jail,death-penalty,the death sentence,activation,death by hanging,stiffer penalties,islamic law,global poverty,execution was,the federal death penalty,use of the death penalty,title ix,nato 's eastward expansion,stock trading,abortion,3,3,3,3,3,0,3,3,0,1,0,0,0,1,3,3,0,0,0,0
Approved,capital punishment,the death penalty,the capital punishment,executions,death penalty,that the death penalty,up to three years in jail,death-penalty,the death sentence,activation,death by hanging,stiffer penalties,islamic law,global poverty,execution was,the federal death penalty,use of the death penalty,title ix,nato 's eastward expansion,stock trading,abortion,3,2,2,3,1,0,2,3,0,2,0,0,0,2,2,2,0,0,0,1
Approved,capital punishment,the death penalty,the capital punishment,executions,death penalty,that the death penalty,up to three years in jail,death-penalty,the death sentence,activation,death by hanging,stiffer penalties,islamic law,global poverty,execution was,the federal death penalty,use of the death penalty,title ix,nato 's eastward expansion,stock trading,abortion,3,3,3,3,3,0,3,3,0,3,1,0,1,1,3,3,0,0,0,3
Approved,cell,mobile,cellular,their cell,touch-tone,terrorist cell,cells for,al-qaida cell,wireless,cordless,satellite,their mobile,world 's largest mobile,new cell,their cellular,cells were,bomb factory,other end of the,smart,portable,the number of mobile,3,3,2,3,2,1,2,3,3,1,2,1,2,2,2,1,0,0,3,1
Rejected,cell,mobile,cellular,their cell,touch-tone,terrorist cell,cells for,al-qaida cell,wireless,cordless,satellite,their mobile,world 's largest mobile,new cell,their cellular,cells were,bomb factory,other end of the,smart,portable,the number of mobile,3,2,2,1,1,1,3,2,2,1,2,1,2,2,2,1,0,0,2,1
Approved,cell,mobile,cellular,their cell,touch-tone,terrorist cell,cells for,al-qaida cell,wireless,cordless,satellite,their mobile,world 's largest mobile,new cell,their cellular,cells were,bomb factory,other end of the,smart,portable,the number of mobile,3,3,2,1,1,1,1,1,1,0,2,1,1,1,1,0,0,0,1,1
Rejected,cell,mobile,cellular,their cell,touch-tone,terrorist cell,cells for,al-qaida cell,wireless,cordless,satellite,their mobile,world 's largest mobile,new cell,their cellular,cells were,bomb factory,other end of the,smart,portable,the number of mobile,3,2,2,1,1,1,1,2,1,1,1,1,1,2,2,0,0,1,1,1
Rejected,cell,mobile,cellular,their cell,touch-tone,terrorist cell,cells for,al-qaida cell,wireless,cordless,satellite,their mobile,world 's largest mobile,new cell,their cellular,cells were,bomb factory,other end of the,smart,portable,the number of mobile,3,3,2,1,0,2,0,1,1,0,2,1,2,2,2,0,0,0,1,1
Approved,cell,mobile,cellular,their cell,touch-tone,terrorist cell,cells for,al-qaida cell,wireless,cordless,satellite,their mobile,world 's largest mobile,new cell,their cellular,cells were,bomb factory,other end of the,smart,portable,the number of mobile,2,3,2,1,2,2,2,2,2,1,2,2,2,2,2,0,0,0,0,2
Rejected,cell,mobile,cellular,their cell,touch-tone,terrorist cell,cells for,al-qaida cell,wireless,cordless,satellite,their mobile,world 's largest mobile,new cell,their cellular,cells were,bomb factory,other end of the,smart,portable,the number of mobile,0,3,0,0,0,0,0,2,0,0,2,0,0,2,0,0,0,0,0,0
Approved,classified information,nuclear secrets,leaked information,state secrets,plame 's name,classified documents,confidential information,sensitive information,secrets,information,secret information,plame 's identity,a secretary,military secrets,administrative,intelligence information,dna evidence,secret evidence,trade secrets,false information,the information,2,3,3,0,3,3,3,3,2,3,0,0,2,1,3,1,3,2,1,1
Approved,classified information,nuclear secrets,leaked information,state secrets,plame 's name,classified documents,confidential information,sensitive information,secrets,information,secret information,plame 's identity,a secretary,military secrets,administrative,intelligence information,dna evidence,secret evidence,trade secrets,false information,the information,0,1,0,0,2,2,1,1,1,2,0,0,1,0,2,0,0,2,1,1
Approved,classified information,nuclear secrets,leaked information,state secrets,plame 's name,classified documents,confidential information,sensitive information,secrets,information,secret information,plame 's identity,a secretary,military secrets,administrative,intelligence information,dna evidence,secret evidence,trade secrets,false information,the information,2,1,3,0,3,2,0,3,0,2,0,0,2,0,2,0,0,2,1,0
Approved,condescending,naive,unfair,racist,constructive,arrogant,hostile,cruel,patronizing,difficult,acceptable,provocative,common,positive,favorable,FALSE,negative,personal,bad,cautious,wrong,0,0,0,1,3,2,0,3,0,1,0,0,1,1,0,0,0,2,0,0
Approved,condescending,naive,unfair,racist,constructive,arrogant,hostile,cruel,patronizing,difficult,acceptable,provocative,common,positive,favorable,FALSE,negative,personal,bad,cautious,wrong,0,0,0,1,2,2,2,3,1,0,0,0,1,0,0,1,0,0,0,0
Approved,condescending,naive,unfair,racist,constructive,arrogant,hostile,cruel,patronizing,difficult,acceptable,provocative,common,positive,favorable,FALSE,negative,personal,bad,cautious,wrong,1,1,1,0,3,2,1,3,0,0,0,0,0,0,0,1,0,1,0,1
Approved,congressional committee,senatorial committee,house panel,house committee,senate committee,federal grand jury,congressional campaign committee,senate panel,grand jury,parliamentary committee,congressional commission,house subcommittee,congressional panel,bankruptcy court judge,special panel,congressional hearing,congressional subcommittee,parliamentary commission,news conference,chairman of the senate judiciary committee,house of representatives committee,1,1,3,1,0,2,1,0,0,1,0,2,0,0,1,1,0,0,0,1
Approved,congressional committee,senatorial committee,house panel,house committee,senate committee,federal grand jury,congressional campaign committee,senate panel,grand jury,parliamentary committee,congressional commission,house subcommittee,congressional panel,bankruptcy court judge,special panel,congressional hearing,congressional subcommittee,parliamentary commission,news conference,chairman of the senate judiciary committee,house of representatives committee,1,2,2,1,1,2,1,1,1,2,2,2,0,0,2,1,0,0,1,2
Approved,congressional committee,senatorial committee,house panel,house committee,senate committee,federal grand jury,congressional campaign committee,senate panel,grand jury,parliamentary committee,congressional commission,house subcommittee,congressional panel,bankruptcy court judge,special panel,congressional hearing,congressional subcommittee,parliamentary commission,news conference,chairman of the senate judiciary committee,house of representatives committee,2,2,2,2,1,2,2,0,2,1,2,2,0,1,2,2,2,1,1,2
Rejected,congressional committee,senatorial committee,house panel,house committee,senate committee,federal grand jury,congressional campaign committee,senate panel,grand jury,parliamentary committee,congressional commission,house subcommittee,congressional panel,bankruptcy court judge,special panel,congressional hearing,congressional subcommittee,parliamentary commission,news conference,chairman of the senate judiciary committee,house of representatives committee,0,0,3,0,0,0,0,0,0,0,0,2,0,0,0,2,0,1,0,0
Approved,country's largest,country 's biggest,nation 's largest,world 's largest,philippines ' largest,country 's second largest,largest,nation 's biggest,largest u.s.,fedecamaras,country 's second-largest,world 's biggest,country 's main,largest us,main hutu,nation 's second-largest,country 's leading,nation 's third-largest,state 's largest,nation 's second largest,country 's top,3,3,2,3,1,2,3,3,0,1,2,3,3,0,1,3,1,3,3,3
Rejected,country's largest,country 's biggest,nation 's largest,world 's largest,philippines ' largest,country 's second largest,largest,nation 's biggest,largest u.s.,fedecamaras,country 's second-largest,world 's biggest,country 's main,largest us,main hutu,nation 's second-largest,country 's leading,nation 's third-largest,state 's largest,nation 's second largest,country 's top,3,3,0,1,0,2,3,0,0,0,0,2,2,0,0,2,0,2,0,2
Approved,country's largest,country 's biggest,nation 's largest,world 's largest,philippines ' largest,country 's second largest,largest,nation 's biggest,largest u.s.,fedecamaras,country 's second-largest,world 's biggest,country 's main,largest us,main hutu,nation 's second-largest,country 's leading,nation 's third-largest,state 's largest,nation 's second largest,country 's top,3,3,2,2,1,2,3,2,0,1,1,0,2,0,1,0,1,1,1,1
Approved,country's largest,country 's biggest,nation 's largest,world 's largest,philippines ' largest,country 's second largest,largest,nation 's biggest,largest u.s.,fedecamaras,country 's second-largest,world 's biggest,country 's main,largest us,main hutu,nation 's second-largest,country 's leading,nation 's third-largest,state 's largest,nation 's second largest,country 's top,3,3,1,2,1,1,3,2,1,1,1,1,2,0,1,1,1,1,1,1
Approved,crimes against humanity,"genocide , crimes against humanity",crimes against humanity committed,genocide,other war crimes,war crimes,genocide charges,"war crimes , crimes against humanity",war crimes and crimes against humanity,other atrocities,war crimes committed,atrocities,complicity in genocide,genocide and war crimes,"genocide , war crimes and crimes against humanity",related crimes,genocide and crimes against humanity,atrocities against civilians,"genocide , crimes against humanity and war crimes",alleged war crimes,other crimes,3,2,3,2,3,2,3,3,2,2,3,3,3,3,1,3,3,3,1,1
Rejected,crimes against humanity,"genocide , crimes against humanity",crimes against humanity committed,genocide,other war crimes,war crimes,genocide charges,"war crimes , crimes against humanity",war crimes and crimes against humanity,other atrocities,war crimes committed,atrocities,complicity in genocide,genocide and war crimes,"genocide , war crimes and crimes against humanity",related crimes,genocide and crimes against humanity,atrocities against civilians,"genocide , crimes against humanity and war crimes",alleged war crimes,other crimes,2,2,2,2,3,2,2,2,3,2,3,2,2,2,0,0,2,0,0,0
Approved,crimes against humanity,"genocide , crimes against humanity",crimes against humanity committed,genocide,other war crimes,war crimes,genocide charges,"war crimes , crimes against humanity",war crimes and crimes against humanity,other atrocities,war crimes committed,atrocities,complicity in genocide,genocide and war crimes,"genocide , war crimes and crimes against humanity",related crimes,genocide and crimes against humanity,atrocities against civilians,"genocide , crimes against humanity and war crimes",alleged war crimes,other crimes,3,2,3,1,2,1,3,2,1,1,1,1,1,1,0,2,1,2,2,0
Approved,crimes against humanity,"genocide , crimes against humanity",crimes against humanity committed,genocide,other war crimes,war crimes,genocide charges,"war crimes , crimes against humanity",war crimes and crimes against humanity,other atrocities,war crimes committed,atrocities,complicity in genocide,genocide and war crimes,"genocide , war crimes and crimes against humanity",related crimes,genocide and crimes against humanity,atrocities against civilians,"genocide , crimes against humanity and war crimes",alleged war crimes,other crimes,3,3,2,2,2,2,3,3,2,2,2,2,2,3,1,2,2,3,2,1
Approved,defense attorney,defense lawyer,lawyer,defense counsel,attorney,criminal defense attorney,securities lawyer,defence team,trial lawyer,chief counsel,his lawyer,criminal lawyer,san francisco attorney,and his lawyer,chief lawyer,criminal defense lawyer,one of his lawyers,business executive,attorneys,lead attorney,defense attorneys,3,1,3,1,2,1,2,1,1,1,2,0,0,0,3,1,0,2,2,2
Rejected,defense attorney,defense lawyer,lawyer,defense counsel,attorney,criminal defense attorney,securities lawyer,defence team,trial lawyer,chief counsel,his lawyer,criminal lawyer,san francisco attorney,and his lawyer,chief lawyer,criminal defense lawyer,one of his lawyers,business executive,attorneys,lead attorney,defense attorneys,3,2,2,1,3,2,1,0,0,0,0,1,0,0,3,0,0,1,1,2
Approved,defense attorney,defense lawyer,lawyer,defense counsel,attorney,criminal defense attorney,securities lawyer,defence team,trial lawyer,chief counsel,his lawyer,criminal lawyer,san francisco attorney,and his lawyer,chief lawyer,criminal defense lawyer,one of his lawyers,business executive,attorneys,lead attorney,defense attorneys,3,1,3,1,3,0,2,1,1,1,3,1,1,1,3,1,0,1,1,2
Approved,defense attorney,defense lawyer,lawyer,defense counsel,attorney,criminal defense attorney,securities lawyer,defence team,trial lawyer,chief counsel,his lawyer,criminal lawyer,san francisco attorney,and his lawyer,chief lawyer,criminal defense lawyer,one of his lawyers,business executive,attorneys,lead attorney,defense attorneys,3,3,3,3,3,2,1,2,2,2,2,2,2,2,3,2,0,2,2,3
Approved,distributed,issued,were distributing,made available,released,also distributed,handed out,faxed,diluted,had distributed,circulated,allocated,not spent,sent,repossessed,spent hundreds of,emailed,published,received by afp,delivered,redistributed,3,2,2,2,2,3,0,0,2,3,2,1,3,1,0,2,2,1,2,1
Approved,distributed,issued,were distributing,made available,released,also distributed,handed out,faxed,diluted,had distributed,circulated,allocated,not spent,sent,repossessed,spent hundreds of,emailed,published,received by afp,delivered,redistributed,3,3,3,3,3,3,2,2,3,3,3,1,3,1,2,3,3,0,3,3
Approved,distributed,issued,were distributing,made available,released,also distributed,handed out,faxed,diluted,had distributed,circulated,allocated,not spent,sent,repossessed,spent hundreds of,emailed,published,received by afp,delivered,redistributed,3,2,2,2,2,2,0,0,2,2,2,0,0,0,0,0,0,0,2,2
Approved,economic reforms,policy of reform,reforms,economic reform,economic changes,market reforms,economic and political reforms,reform,its reforms,more tests,economic change,republican parties,economic stability,relief operation,emotional issues,its reform,the austerity,security reforms,strategic goals,economic crises,economic targets,2,2,3,3,3,3,2,2,1,3,1,1,1,0,2,2,1,1,1,1
Approved,economic reforms,policy of reform,reforms,economic reform,economic changes,market reforms,economic and political reforms,reform,its reforms,more tests,economic change,republican parties,economic stability,relief operation,emotional issues,its reform,the austerity,security reforms,strategic goals,economic crises,economic targets,2,3,3,3,2,2,2,2,0,3,1,1,0,0,2,0,2,1,1,1
Approved,economic reforms,policy of reform,reforms,economic reform,economic changes,market reforms,economic and political reforms,reform,its reforms,more tests,economic change,republican parties,economic stability,relief operation,emotional issues,its reform,the austerity,security reforms,strategic goals,economic crises,economic targets,2,2,3,3,2,3,2,2,0,2,0,0,0,0,2,0,1,0,0,0
Rejected,economic reforms,policy of reform,reforms,economic reform,economic changes,market reforms,economic and political reforms,reform,its reforms,more tests,economic change,republican parties,economic stability,relief operation,emotional issues,its reform,the austerity,security reforms,strategic goals,economic crises,economic targets,0,2,2,2,3,0,2,0,0,3,0,0,0,0,0,2,0,0,0,0
Approved,endorse,approve,ratify,accept,sign,unanimously endorsed,any threat of,authorize the use of,discuss,vote this week on,support,comment on,vote on,announce,recognize,comment publicly on,vote thursday on,authorize,vote for,recognise,acknowledge,3,2,0,3,2,0,3,0,0,3,0,0,0,2,0,0,3,3,0,0
Approved,endorse,approve,ratify,accept,sign,unanimously endorsed,any threat of,authorize the use of,discuss,vote this week on,support,comment on,vote on,announce,recognize,comment publicly on,vote thursday on,authorize,vote for,recognise,acknowledge,3,0,2,0,2,0,2,0,0,3,1,1,0,0,1,0,2,2,0,0
Approved,endorse,approve,ratify,accept,sign,unanimously endorsed,any threat of,authorize the use of,discuss,vote this week on,support,comment on,vote on,announce,recognize,comment publicly on,vote thursday on,authorize,vote for,recognise,acknowledge,3,2,2,0,3,0,2,0,0,3,0,0,0,0,0,0,2,2,0,1
Approved,euthanasia,voluntary euthanasia,gay marriage,mercy killing,anti-monopoly,abortion,sterilization,same-sex marriage,stem cell research,gay rights,homosexuality,removal,diarrhoea,anti-secession,birth control,contraception,assisted suicide,gun control,doctor-assisted suicide,polygamy,the death penalty,2,0,2,0,0,0,0,0,0,0,0,0,0,0,0,3,0,3,0,0
Approved,euthanasia,voluntary euthanasia,gay marriage,mercy killing,anti-monopoly,abortion,sterilization,same-sex marriage,stem cell research,gay rights,homosexuality,removal,diarrhoea,anti-secession,birth control,contraception,assisted suicide,gun control,doctor-assisted suicide,polygamy,the death penalty,3,0,2,0,0,0,0,0,0,0,0,0,1,0,0,3,0,3,0,0
Approved,euthanasia,voluntary euthanasia,gay marriage,mercy killing,anti-monopoly,abortion,sterilization,same-sex marriage,stem cell research,gay rights,homosexuality,removal,diarrhoea,anti-secession,birth control,contraception,assisted suicide,gun control,doctor-assisted suicide,polygamy,the death penalty,3,0,2,0,0,0,0,0,0,0,0,0,0,0,0,2,0,3,0,0
Rejected,euthanasia,voluntary euthanasia,gay marriage,mercy killing,anti-monopoly,abortion,sterilization,same-sex marriage,stem cell research,gay rights,homosexuality,removal,diarrhoea,anti-secession,birth control,contraception,assisted suicide,gun control,doctor-assisted suicide,polygamy,the death penalty,1,0,3,0,1,0,0,0,0,0,1,1,0,0,0,3,0,3,0,0
Approved,extremely difficult,difficult,easier,impossible,very difficult,more difficult,harder,hard,easy,almost impossible,sometimes difficult,able,virtually impossible,even tougher,far easier,possible for us,increasingly difficult,awkward,extremely hard,nearly impossible,much harder,2,1,1,2,2,2,2,1,2,2,1,2,2,1,0,2,0,2,2,2
Rejected,extremely difficult,difficult,easier,impossible,very difficult,more difficult,harder,hard,easy,almost impossible,sometimes difficult,able,virtually impossible,even tougher,far easier,possible for us,increasingly difficult,awkward,extremely hard,nearly impossible,much harder,3,1,1,3,2,1,1,1,1,2,1,1,2,1,1,2,0,1,1,1
Rejected,extremely difficult,difficult,easier,impossible,very difficult,more difficult,harder,hard,easy,almost impossible,sometimes difficult,able,virtually impossible,even tougher,far easier,possible for us,increasingly difficult,awkward,extremely hard,nearly impossible,much harder,2,1,0,3,2,2,3,1,3,0,0,2,2,1,0,0,0,3,2,2
Approved,extremely difficult,difficult,easier,impossible,very difficult,more difficult,harder,hard,easy,almost impossible,sometimes difficult,able,virtually impossible,even tougher,far easier,possible for us,increasingly difficult,awkward,extremely hard,nearly impossible,much harder,2,0,3,3,2,2,3,0,1,1,0,3,1,0,0,2,0,3,3,2
Approved,extremely difficult,difficult,easier,impossible,very difficult,more difficult,harder,hard,easy,almost impossible,sometimes difficult,able,virtually impossible,even tougher,far easier,possible for us,increasingly difficult,awkward,extremely hard,nearly impossible,much harder,3,1,3,3,3,2,2,1,3,2,1,3,2,1,1,3,0,3,3,2
Approved,failure to comply,refusal to cooperate,failure to cooperate,compliance,non-cooperation,noncompliance,failing to cooperate,interference,non-compliance,lack of cooperation,full compliance,willingness to cooperate,cooperation,dealings,struggles,standoff,relationship,confrontation,delays,human rights record,nuclear ambitions,3,3,1,3,3,2,2,3,2,1,1,1,0,0,1,0,0,0,0,0
Approved,failure to comply,refusal to cooperate,failure to cooperate,compliance,non-cooperation,noncompliance,failing to cooperate,interference,non-compliance,lack of cooperation,full compliance,willingness to cooperate,cooperation,dealings,struggles,standoff,relationship,confrontation,delays,human rights record,nuclear ambitions,3,3,1,3,3,3,0,3,3,1,1,1,0,0,0,0,0,0,0,0
Approved,failure to comply,refusal to cooperate,failure to cooperate,compliance,non-cooperation,noncompliance,failing to cooperate,interference,non-compliance,lack of cooperation,full compliance,willingness to cooperate,cooperation,dealings,struggles,standoff,relationship,confrontation,delays,human rights record,nuclear ambitions,3,3,0,2,2,3,1,2,2,0,0,0,1,0,1,1,1,1,1,1
Rejected,failure to comply,refusal to cooperate,failure to cooperate,compliance,non-cooperation,noncompliance,failing to cooperate,interference,non-compliance,lack of cooperation,full compliance,willingness to cooperate,cooperation,dealings,struggles,standoff,relationship,confrontation,delays,human rights record,nuclear ambitions,2,3,0,1,2,2,1,2,1,0,0,0,1,0,0,0,0,1,0,0
Rejected,failure to comply,refusal to cooperate,failure to cooperate,compliance,non-cooperation,noncompliance,failing to cooperate,interference,non-compliance,lack of cooperation,full compliance,willingness to cooperate,cooperation,dealings,struggles,standoff,relationship,confrontation,delays,human rights record,nuclear ambitions,2,3,1,2,3,3,0,3,2,1,1,1,0,0,0,0,0,0,0,0
Approved,forecast,estimate,expected,forecasts,been expecting,outlook,projection,predicted,pencilled in,projected,growth forecast,forecast economic,been predicting,had expected,been forecasting,were expecting,guidance,had forecast,projections,foreseen,overnight borrowing rate,2,2,2,2,2,2,2,0,2,2,2,2,2,2,2,0,2,2,2,0
Rejected,forecast,estimate,expected,forecasts,been expecting,outlook,projection,predicted,pencilled in,projected,growth forecast,forecast economic,been predicting,had expected,been forecasting,were expecting,guidance,had forecast,projections,foreseen,overnight borrowing rate,3,2,2,2,3,3,2,0,2,1,0,2,2,2,2,0,2,3,3,0
Approved,forecast,estimate,expected,forecasts,been expecting,outlook,projection,predicted,pencilled in,projected,growth forecast,forecast economic,been predicting,had expected,been forecasting,were expecting,guidance,had forecast,projections,foreseen,overnight borrowing rate,3,2,3,2,3,3,2,0,2,3,3,2,2,2,2,0,3,3,2,0
Approved,go the extra mile,redouble our efforts,work with him,make sacrifices,take risks,take steps,be able,wait,do its utmost,find ways,fight,pay more,take measures,join hands,change it,continue,listen and,work,strive,do a lot,work hard,3,0,0,0,0,0,0,2,2,0,0,2,0,0,2,0,2,2,2,2
Approved,go the extra mile,redouble our efforts,work with him,make sacrifices,take risks,take steps,be able,wait,do its utmost,find ways,fight,pay more,take measures,join hands,change it,continue,listen and,work,strive,do a lot,work hard,3,2,2,1,1,1,0,2,2,1,1,1,0,0,1,0,1,3,2,2
Rejected,go the extra mile,redouble our efforts,work with him,make sacrifices,take risks,take steps,be able,wait,do its utmost,find ways,fight,pay more,take measures,join hands,change it,continue,listen and,work,strive,do a lot,work hard,2,2,3,0,0,0,0,3,0,0,0,0,0,0,0,0,0,2,2,3
Approved,go the extra mile,redouble our efforts,work with him,make sacrifices,take risks,take steps,be able,wait,do its utmost,find ways,fight,pay more,take measures,join hands,change it,continue,listen and,work,strive,do a lot,work hard,3,1,3,2,1,1,0,3,1,1,0,1,1,1,1,0,3,3,3,3
Approved,had an affair,had a sexual relationship,had sexual relations,had sex,a sexual relationship,'s affair,an affair,was having an affair,had a relationship,and his relationship,'s relationship,had slept,sexual relations,an extramarital affair,was sleeping,sex,collaborated,was in love,allegedly had,was involved,made contact,3,3,1,3,1,3,3,1,1,1,0,1,3,1,1,0,0,0,0,0
Rejected,had an affair,had a sexual relationship,had sexual relations,had sex,a sexual relationship,'s affair,an affair,was having an affair,had a relationship,and his relationship,'s relationship,had slept,sexual relations,an extramarital affair,was sleeping,sex,collaborated,was in love,allegedly had,was involved,made contact,2,2,2,0,2,2,2,3,0,0,0,2,3,2,2,0,0,0,2,0
Approved,had an affair,had a sexual relationship,had sexual relations,had sex,a sexual relationship,'s affair,an affair,was having an affair,had a relationship,and his relationship,'s relationship,had slept,sexual relations,an extramarital affair,was sleeping,sex,collaborated,was in love,allegedly had,was involved,made contact,3,3,2,3,3,3,3,1,1,1,2,3,3,2,1,1,1,0,1,1
Approved,hard to find,difficult to put,hard to think of,tough to find,difficult to find,tough to get,good to see,difficult to imagine,hard to imagine,nice to have,hard to understand,a great place for,a way for,hard to get,important to have,hard work,easier for,very difficult to find,very easy for,easy to be,good to have,1,2,3,3,2,0,1,1,0,1,0,0,2,0,1,0,3,1,1,0
Approved,hard to find,difficult to put,hard to think of,tough to find,difficult to find,tough to get,good to see,difficult to imagine,hard to imagine,nice to have,hard to understand,a great place for,a way for,hard to get,important to have,hard work,easier for,very difficult to find,very easy for,easy to be,good to have,0,0,3,3,3,0,0,0,0,0,0,0,3,0,0,0,3,0,0,0
Approved,hard to find,difficult to put,hard to think of,tough to find,difficult to find,tough to get,good to see,difficult to imagine,hard to imagine,nice to have,hard to understand,a great place for,a way for,hard to get,important to have,hard work,easier for,very difficult to find,very easy for,easy to be,good to have,2,2,3,3,3,0,2,2,0,2,0,0,3,0,1,0,3,0,0,0
Rejected,hard to find,difficult to put,hard to think of,tough to find,difficult to find,tough to get,good to see,difficult to imagine,hard to imagine,nice to have,hard to understand,a great place for,a way for,hard to get,important to have,hard work,easier for,very difficult to find,very easy for,easy to be,good to have,0,0,0,3,1,0,2,2,0,0,0,0,2,0,0,0,3,0,0,0
Approved,heavy artillery,artillery,howitzer,heavy weapons,mortar,heavy machine gun,war planes,small arms,tanks,the guns,heavy guns,small-arms,machine-gun,heavy gunfire,armoured vehicles,mortars,attack helicopters,armored vehicles,anti-aircraft,machinegun,rocket-propelled grenades,2,1,2,1,1,1,1,1,2,2,1,1,1,1,1,1,1,1,1,1
Rejected,heavy artillery,artillery,howitzer,heavy weapons,mortar,heavy machine gun,war planes,small arms,tanks,the guns,heavy guns,small-arms,machine-gun,heavy gunfire,armoured vehicles,mortars,attack helicopters,armored vehicles,anti-aircraft,machinegun,rocket-propelled grenades,1,1,3,1,1,1,1,1,1,3,1,1,1,1,1,2,1,0,1,1
Approved,heavy artillery,artillery,howitzer,heavy weapons,mortar,heavy machine gun,war planes,small arms,tanks,the guns,heavy guns,small-arms,machine-gun,heavy gunfire,armoured vehicles,mortars,attack helicopters,armored vehicles,anti-aircraft,machinegun,rocket-propelled grenades,2,2,3,2,1,0,0,2,0,2,0,0,0,0,2,2,0,2,0,2
Approved,heavy artillery,artillery,howitzer,heavy weapons,mortar,heavy machine gun,war planes,small arms,tanks,the guns,heavy guns,small-arms,machine-gun,heavy gunfire,armoured vehicles,mortars,attack helicopters,armored vehicles,anti-aircraft,machinegun,rocket-propelled grenades,2,2,3,2,2,1,1,1,2,2,1,2,1,1,2,2,1,1,1,1
Approved,held hostage,taken hostage,held captive,kidnapped,being held hostage,held hostage in iraq,were taken hostage,held,missing in iraq,they had held,held prisoner,abducted,who were kidnapped,hostage,held for years,being held captive,kidnapped last week,as a hostage,were kidnapped,have been kidnapped,have been taken hostage,3,3,3,3,1,2,3,1,2,3,3,2,2,1,3,1,2,2,2,2
Rejected,held hostage,taken hostage,held captive,kidnapped,being held hostage,held hostage in iraq,were taken hostage,held,missing in iraq,they had held,held prisoner,abducted,who were kidnapped,hostage,held for years,being held captive,kidnapped last week,as a hostage,were kidnapped,have been kidnapped,have been taken hostage,2,3,3,2,2,2,1,0,1,3,2,0,1,1,2,1,2,2,2,2
Approved,held hostage,taken hostage,held captive,kidnapped,being held hostage,held hostage in iraq,were taken hostage,held,missing in iraq,they had held,held prisoner,abducted,who were kidnapped,hostage,held for years,being held captive,kidnapped last week,as a hostage,were kidnapped,have been kidnapped,have been taken hostage,3,3,3,3,3,3,1,1,1,3,2,2,2,2,3,2,2,3,3,3
Approved,held hostage,taken hostage,held captive,kidnapped,being held hostage,held hostage in iraq,were taken hostage,held,missing in iraq,they had held,held prisoner,abducted,who were kidnapped,hostage,held for years,being held captive,kidnapped last week,as a hostage,were kidnapped,have been kidnapped,have been taken hostage,3,2,2,2,2,3,2,0,0,2,2,2,2,2,2,2,2,2,2,2
Approved,imminent danger,danger,immediate threat,immediate danger,no danger,serious danger,imminent threat,no threat,no immediate danger,threat,real danger,the process,grave danger,the business,jeopardy,trouble,a state,the position,in danger,location,no risk,2,3,3,1,2,3,1,1,2,2,0,2,0,1,1,0,0,2,0,1
Approved,imminent danger,danger,immediate threat,immediate danger,no danger,serious danger,imminent threat,no threat,no immediate danger,threat,real danger,the process,grave danger,the business,jeopardy,trouble,a state,the position,in danger,location,no risk,1,3,3,1,1,3,1,1,0,1,0,1,0,2,2,0,0,1,0,1
Approved,imminent danger,danger,immediate threat,immediate danger,no danger,serious danger,imminent threat,no threat,no immediate danger,threat,real danger,the process,grave danger,the business,jeopardy,trouble,a state,the position,in danger,location,no risk,2,3,3,1,2,3,1,1,2,2,0,2,0,1,1,0,0,2,0,1
Rejected,information about,information on,immediate information on,immediate comment on,details on,any information about,details about,information related to,word on,comment on,further details about,work to do in,threats before,knowledge of,new information on,information regarding,information relating to,details of,confirmation of,information gathered by,information of,3,3,2,2,2,3,2,2,0,2,0,0,2,2,3,3,2,0,0,2
Rejected,information about,information on,immediate information on,immediate comment on,details on,any information about,details about,information related to,word on,comment on,further details about,work to do in,threats before,knowledge of,new information on,information regarding,information relating to,details of,confirmation of,information gathered by,information of,3,2,0,3,2,3,3,2,0,2,0,0,3,2,3,3,3,0,2,3
Approved,information about,information on,immediate information on,immediate comment on,details on,any information about,details about,information related to,word on,comment on,further details about,work to do in,threats before,knowledge of,new information on,information regarding,information relating to,details of,confirmation of,information gathered by,information of,3,3,3,3,3,3,3,2,2,3,0,0,2,2,2,2,2,1,2,3
Approved,it is fair to say,it 's fair to say,it 's pretty clear,it 's right,it 's important,it 's likely,it 's safe to say,it is a shame,it 's very important,he understands,it 's important to remember,it 's wonderful,it 's good,it proves,it is important,it 's reasonable,we can say,it 's unfortunate,it 's very good,it 's possible,it 's obvious,3,3,2,0,2,3,0,0,1,0,0,0,2,0,2,2,0,0,0,2
Rejected,it is fair to say,it 's fair to say,it 's pretty clear,it 's right,it 's important,it 's likely,it 's safe to say,it is a shame,it 's very important,he understands,it 's important to remember,it 's wonderful,it 's good,it proves,it is important,it 's reasonable,we can say,it 's unfortunate,it 's very good,it 's possible,it 's obvious,3,0,2,0,0,2,0,0,0,0,0,0,0,0,3,2,0,0,0,0
Approved,it is fair to say,it 's fair to say,it 's pretty clear,it 's right,it 's important,it 's likely,it 's safe to say,it is a shame,it 's very important,he understands,it 's important to remember,it 's wonderful,it 's good,it proves,it is important,it 's reasonable,we can say,it 's unfortunate,it 's very good,it 's possible,it 's obvious,3,2,2,1,2,3,1,1,0,1,0,0,1,1,2,2,1,0,2,2
Approved,it is fair to say,it 's fair to say,it 's pretty clear,it 's right,it 's important,it 's likely,it 's safe to say,it is a shame,it 's very important,he understands,it 's important to remember,it 's wonderful,it 's good,it proves,it is important,it 's reasonable,we can say,it 's unfortunate,it 's very good,it 's possible,it 's obvious,3,2,1,0,1,3,0,0,0,0,0,0,0,0,2,2,0,0,0,2
Approved,lackluster,lacklustre,disappointing,sluggish,weak,dismal,poor,mixed,scoreless,strong,tepid,see-saw,directionless,cautious,dull,choppy,volatile,quiet,insipid,weaker-than-expected,unexciting,3,2,1,2,2,3,0,0,1,0,0,0,0,3,0,0,0,0,3,2
Approved,lackluster,lacklustre,disappointing,sluggish,weak,dismal,poor,mixed,scoreless,strong,tepid,see-saw,directionless,cautious,dull,choppy,volatile,quiet,insipid,weaker-than-expected,unexciting,3,3,2,2,3,3,0,3,0,2,0,2,0,3,2,0,1,2,2,3
Approved,lackluster,lacklustre,disappointing,sluggish,weak,dismal,poor,mixed,scoreless,strong,tepid,see-saw,directionless,cautious,dull,choppy,volatile,quiet,insipid,weaker-than-expected,unexciting,3,2,1,1,2,2,0,0,0,2,0,0,0,3,0,0,0,1,2,2
Rejected,lackluster,lacklustre,disappointing,sluggish,weak,dismal,poor,mixed,scoreless,strong,tepid,see-saw,directionless,cautious,dull,choppy,volatile,quiet,insipid,weaker-than-expected,unexciting,3,2,0,1,1,1,0,0,1,2,0,0,0,0,0,0,0,0,3,0
Approved,lay the groundwork,pave the way,be responsive,lay the foundations,lay the foundation,build momentum,prepare,start training,laid the groundwork,garner support,agitate,test the waters,create conditions,create the conditions,drum up support,start planning,its implications,pave way,set the stage,recognize the need,prepare the ground,3,0,3,3,2,2,2,3,1,0,1,2,2,1,2,0,3,3,1,3
Approved,lay the groundwork,pave the way,be responsive,lay the foundations,lay the foundation,build momentum,prepare,start training,laid the groundwork,garner support,agitate,test the waters,create conditions,create the conditions,drum up support,start planning,its implications,pave way,set the stage,recognize the need,prepare the ground,3,0,3,3,1,3,1,3,0,0,1,0,0,1,3,0,2,1,1,1
Approved,lay the groundwork,pave the way,be responsive,lay the foundations,lay the foundation,build momentum,prepare,start training,laid the groundwork,garner support,agitate,test the waters,create conditions,create the conditions,drum up support,start planning,its implications,pave way,set the stage,recognize the need,prepare the ground,2,0,3,3,1,2,0,3,1,0,1,1,1,1,1,0,0,1,0,2
Rejected,lay the groundwork,pave the way,be responsive,lay the foundations,lay the foundation,build momentum,prepare,start training,laid the groundwork,garner support,agitate,test the waters,create conditions,create the conditions,drum up support,start planning,its implications,pave way,set the stage,recognize the need,prepare the ground,3,0,2,3,0,3,0,2,2,0,1,0,0,2,2,0,3,3,0,0
Approved,make ends meet,stay in business,feed their families,stay warm,win races,cope,pay their bills,make payments,make a living,climb back,sell assets,win games,do business,survive,get a foothold,balance the budget,stay afloat,define themselves,intensify,establish peace,slow it down,2,2,0,0,3,2,0,2,0,0,0,0,2,2,3,3,0,0,0,0
Approved,make ends meet,stay in business,feed their families,stay warm,win races,cope,pay their bills,make payments,make a living,climb back,sell assets,win games,do business,survive,get a foothold,balance the budget,stay afloat,define themselves,intensify,establish peace,slow it down,2,2,0,0,0,2,2,2,0,0,0,0,2,2,2,2,0,0,0,0
Approved,make ends meet,stay in business,feed their families,stay warm,win races,cope,pay their bills,make payments,make a living,climb back,sell assets,win games,do business,survive,get a foothold,balance the budget,stay afloat,define themselves,intensify,establish peace,slow it down,2,2,1,0,1,2,2,3,0,1,0,0,2,0,1,2,0,0,0,0
Approved,mitigate,minimize,cushion,minimise,ease,mitigate the,lessen,offset,alleviate,to mitigate,raise awareness about,reduce,assess the extent of,limit,counter,determine the cause of,assess,most vulnerable to,mitigate the impact of,adapt to,combat,3,3,3,3,3,3,3,3,3,1,3,1,3,3,1,1,0,3,2,2
Approved,mitigate,minimize,cushion,minimise,ease,mitigate the,lessen,offset,alleviate,to mitigate,raise awareness about,reduce,assess the extent of,limit,counter,determine the cause of,assess,most vulnerable to,mitigate the impact of,adapt to,combat,3,3,0,3,2,3,2,3,3,0,3,0,3,0,0,0,0,2,0,0
Approved,mitigate,minimize,cushion,minimise,ease,mitigate the,lessen,offset,alleviate,to mitigate,raise awareness about,reduce,assess the extent of,limit,counter,determine the cause of,assess,most vulnerable to,mitigate the impact of,adapt to,combat,3,2,3,2,1,3,2,2,1,0,3,0,2,0,0,0,0,1,0,1
Approved,phenomenal,great,rapid,tremendous,good,heady,remarkable,torrid,stellar,runaway,very good,really good,fantastic,pretty good,huge,double-digit,rapid economic,terrific,high rates of,courageous,dismal,3,3,3,3,0,3,0,3,3,3,3,3,3,3,2,3,3,2,0,1
Rejected,phenomenal,great,rapid,tremendous,good,heady,remarkable,torrid,stellar,runaway,very good,really good,fantastic,pretty good,huge,double-digit,rapid economic,terrific,high rates of,courageous,dismal,3,0,3,3,2,3,0,3,0,3,3,3,3,2,1,0,3,2,2,1
Approved,phenomenal,great,rapid,tremendous,good,heady,remarkable,torrid,stellar,runaway,very good,really good,fantastic,pretty good,huge,double-digit,rapid economic,terrific,high rates of,courageous,dismal,3,0,3,2,0,3,0,3,0,2,2,3,2,2,0,0,3,0,0,1
Rejected,phenomenal,great,rapid,tremendous,good,heady,remarkable,torrid,stellar,runaway,very good,really good,fantastic,pretty good,huge,double-digit,rapid economic,terrific,high rates of,courageous,dismal,3,0,3,2,0,3,1,3,0,3,3,2,2,0,0,0,3,2,0,1
Approved,phenomenal,great,rapid,tremendous,good,heady,remarkable,torrid,stellar,runaway,very good,really good,fantastic,pretty good,huge,double-digit,rapid economic,terrific,high rates of,courageous,dismal,3,0,1,1,0,3,0,3,1,1,3,3,1,1,0,0,3,0,0,0
Approved,reason to believe,reason to think,reason to believe that,reason to think that,reasons to believe,assurance that,doubt,reason to expect,reason to fear,doubt of,evidence to suggest,doubt what,indication of when,idea what,indication,evidence,idea who,guarantee,reason why,doubt at all,doubt that,3,2,2,2,1,1,3,1,1,3,1,1,1,2,2,1,0,2,0,1
Rejected,reason to believe,reason to think,reason to believe that,reason to think that,reasons to believe,assurance that,doubt,reason to expect,reason to fear,doubt of,evidence to suggest,doubt what,indication of when,idea what,indication,evidence,idea who,guarantee,reason why,doubt at all,doubt that,1,2,2,2,3,1,1,0,1,2,0,0,0,2,2,0,0,2,1,1
Approved,reason to believe,reason to think,reason to believe that,reason to think that,reasons to believe,assurance that,doubt,reason to expect,reason to fear,doubt of,evidence to suggest,doubt what,indication of when,idea what,indication,evidence,idea who,guarantee,reason why,doubt at all,doubt that,3,3,3,3,2,1,2,1,0,2,0,0,2,2,0,0,0,2,0,0
Approved,reason to believe,reason to think,reason to believe that,reason to think that,reasons to believe,assurance that,doubt,reason to expect,reason to fear,doubt of,evidence to suggest,doubt what,indication of when,idea what,indication,evidence,idea who,guarantee,reason why,doubt at all,doubt that,3,3,3,3,0,0,3,0,0,3,0,0,0,2,2,0,0,2,0,0
Approved,refused to talk,refused to speak,declined to speak,did not speak,refused to deal,did n't talk,would not speak,not spoken,declined to talk,talked,was speaking,ruled out talks,also spoke,spoke,is talking,would not talk,made no comments,spoke briefly,spoken,were speaking,began talking,3,3,2,0,2,3,2,3,1,1,2,1,1,1,3,3,1,1,1,1
Approved,refused to talk,refused to speak,declined to speak,did not speak,refused to deal,did n't talk,would not speak,not spoken,declined to talk,talked,was speaking,ruled out talks,also spoke,spoke,is talking,would not talk,made no comments,spoke briefly,spoken,were speaking,began talking,3,3,2,1,3,3,1,3,0,0,3,0,0,0,3,3,0,0,0,0
Approved,refused to talk,refused to speak,declined to speak,did not speak,refused to deal,did n't talk,would not speak,not spoken,declined to talk,talked,was speaking,ruled out talks,also spoke,spoke,is talking,would not talk,made no comments,spoke briefly,spoken,were speaking,began talking,3,2,2,2,2,2,1,3,1,1,2,1,1,1,3,3,1,1,1,1
Approved,repercussions,consequences,implications,ramifications,reprisals,effects,impact,retribution,impacts,reprisal,reverberations,a wider war,fallout,after-effects,an effect,the repercussions,an impact,disastrous consequences,grave consequences,a domino effect,fresh attacks,3,3,3,2,3,2,3,2,2,2,0,2,2,2,2,2,2,2,0,0
Approved,repercussions,consequences,implications,ramifications,reprisals,effects,impact,retribution,impacts,reprisal,reverberations,a wider war,fallout,after-effects,an effect,the repercussions,an impact,disastrous consequences,grave consequences,a domino effect,fresh attacks,3,3,3,1,3,3,1,3,1,2,1,3,3,3,3,2,3,3,2,1
Approved,repercussions,consequences,implications,ramifications,reprisals,effects,impact,retribution,impacts,reprisal,reverberations,a wider war,fallout,after-effects,an effect,the repercussions,an impact,disastrous consequences,grave consequences,a domino effect,fresh attacks,3,0,3,2,2,3,2,0,3,2,0,2,2,0,3,0,0,2,0,0
Approved,rules and regulations,rules,whims,laws and regulations,regulations,road map,fundamental interests,laws,legality,ideal,the rules,crucial issues,statute,principles,guidelines,the decisions,"rules , but",limits,new guidelines,nationalities,norms,2,0,3,2,1,1,2,1,0,2,1,2,2,2,1,2,0,2,1,0
Approved,rules and regulations,rules,whims,laws and regulations,regulations,road map,fundamental interests,laws,legality,ideal,the rules,crucial issues,statute,principles,guidelines,the decisions,"rules , but",limits,new guidelines,nationalities,norms,2,0,3,2,0,0,2,2,0,2,0,2,2,2,0,2,2,2,0,0
Approved,rules and regulations,rules,whims,laws and regulations,regulations,road map,fundamental interests,laws,legality,ideal,the rules,crucial issues,statute,principles,guidelines,the decisions,"rules , but",limits,new guidelines,nationalities,norms,2,1,3,2,0,0,2,1,1,2,1,1,2,2,1,1,2,2,0,2
Rejected,rules and regulations,rules,whims,laws and regulations,regulations,road map,fundamental interests,laws,legality,ideal,the rules,crucial issues,statute,principles,guidelines,the decisions,"rules , but",limits,new guidelines,nationalities,norms,3,0,3,2,0,0,3,0,0,0,0,2,0,3,0,2,0,0,0,0
Approved,sea change,major shift,fundamental change,shift,dramatic turnaround,dramatic shift,massive effort,fundamental shift,turning point,big change,change,sudden change,milestone,good-faith effort,major change,lot in,traffic jam,good performance,step forward,drastic change,significant milestone,3,3,2,2,3,1,2,3,3,2,3,1,0,3,0,0,0,1,3,1
Approved,sea change,major shift,fundamental change,shift,dramatic turnaround,dramatic shift,massive effort,fundamental shift,turning point,big change,change,sudden change,milestone,good-faith effort,major change,lot in,traffic jam,good performance,step forward,drastic change,significant milestone,3,2,2,2,3,0,2,1,3,2,1,0,0,3,0,0,0,0,3,0
Approved,sea change,major shift,fundamental change,shift,dramatic turnaround,dramatic shift,massive effort,fundamental shift,turning point,big change,change,sudden change,milestone,good-faith effort,major change,lot in,traffic jam,good performance,step forward,drastic change,significant milestone,3,3,2,3,3,1,3,3,3,2,3,2,1,3,0,0,0,1,3,3
Rejected,sea change,major shift,fundamental change,shift,dramatic turnaround,dramatic shift,massive effort,fundamental shift,turning point,big change,change,sudden change,milestone,good-faith effort,major change,lot in,traffic jam,good performance,step forward,drastic change,significant milestone,1,1,1,0,1,0,1,0,1,1,1,0,0,1,0,0,0,0,1,0
Approved,seriously injured,injured,killed,wounded,seriously wounded,others injured,others injured on,seriously hurt,others were injured,also killed,critically injured,injuring,critically wounded,killed and another injured,others wounded,slightly injured,killed and four wounded,gravely wounded,killed sunday,injured monday,also wounded,2,1,2,3,1,1,2,0,1,3,1,2,1,0,1,0,3,1,1,1
Approved,seriously injured,injured,killed,wounded,seriously wounded,others injured,others injured on,seriously hurt,others were injured,also killed,critically injured,injuring,critically wounded,killed and another injured,others wounded,slightly injured,killed and four wounded,gravely wounded,killed sunday,injured monday,also wounded,2,1,2,3,1,1,3,1,2,3,2,3,2,1,1,1,3,2,2,1
Approved,seriously injured,injured,killed,wounded,seriously wounded,others injured,others injured on,seriously hurt,others were injured,also killed,critically injured,injuring,critically wounded,killed and another injured,others wounded,slightly injured,killed and four wounded,gravely wounded,killed sunday,injured monday,also wounded,2,0,2,3,0,0,3,0,0,3,1,3,0,0,0,0,1,0,0,0
Rejected,seriously injured,injured,killed,wounded,seriously wounded,others injured,others injured on,seriously hurt,others were injured,also killed,critically injured,injuring,critically wounded,killed and another injured,others wounded,slightly injured,killed and four wounded,gravely wounded,killed sunday,injured monday,also wounded,2,0,2,3,0,0,3,0,0,2,2,3,0,0,1,0,3,0,0,0
Approved,step up to the plate,stand up,find common ground,cave,take responsibility,be smart,step in,stay focused,keep playing,medal,reconcile,fight terrorism,mobilise,eat,sit here,be open,look in the mirror,step up,promote,be patient,come out here,2,0,1,3,0,2,0,0,0,0,1,3,0,1,0,0,3,0,0,2
Rejected,step up to the plate,stand up,find common ground,cave,take responsibility,be smart,step in,stay focused,keep playing,medal,reconcile,fight terrorism,mobilise,eat,sit here,be open,look in the mirror,step up,promote,be patient,come out here,1,0,0,3,3,3,3,3,0,1,1,0,0,0,3,3,3,0,0,3
Rejected,step up to the plate,stand up,find common ground,cave,take responsibility,be smart,step in,stay focused,keep playing,medal,reconcile,fight terrorism,mobilise,eat,sit here,be open,look in the mirror,step up,promote,be patient,come out here,2,0,1,3,0,2,0,1,0,0,0,1,0,0,0,0,3,0,0,2
Approved,step up to the plate,stand up,find common ground,cave,take responsibility,be smart,step in,stay focused,keep playing,medal,reconcile,fight terrorism,mobilise,eat,sit here,be open,look in the mirror,step up,promote,be patient,come out here,2,0,0,2,0,0,2,0,0,0,0,0,0,0,0,0,2,0,0,0
Rejected,step up to the plate,stand up,find common ground,cave,take responsibility,be smart,step in,stay focused,keep playing,medal,reconcile,fight terrorism,mobilise,eat,sit here,be open,look in the mirror,step up,promote,be patient,come out here,1,0,0,3,1,1,0,0,0,0,0,0,0,0,0,0,1,0,0,0
Approved,step up to the plate,stand up,find common ground,cave,take responsibility,be smart,step in,stay focused,keep playing,medal,reconcile,fight terrorism,mobilise,eat,sit here,be open,look in the mirror,step up,promote,be patient,come out here,2,0,0,2,0,0,0,0,0,0,1,1,0,0,0,0,3,0,0,0
Approved,stepping stone,springboard,steppingstone,transit country,prelude,step on the road,major milestone,big plus,precursor,step,huge step,transit point,first step,supply route,catalyst,precondition,pretext,way station,major step,key step,punching bag,3,3,0,1,1,1,0,2,2,2,0,3,0,0,0,0,0,1,2,0
Approved,stepping stone,springboard,steppingstone,transit country,prelude,step on the road,major milestone,big plus,precursor,step,huge step,transit point,first step,supply route,catalyst,precondition,pretext,way station,major step,key step,punching bag,0,3,0,0,1,0,0,0,1,1,0,1,0,0,0,0,0,0,0,0
Rejected,stepping stone,springboard,steppingstone,transit country,prelude,step on the road,major milestone,big plus,precursor,step,huge step,transit point,first step,supply route,catalyst,precondition,pretext,way station,major step,key step,punching bag,3,3,0,3,0,2,0,2,1,0,0,1,0,2,0,0,0,1,2,0
Approved,stepping stone,springboard,steppingstone,transit country,prelude,step on the road,major milestone,big plus,precursor,step,huge step,transit point,first step,supply route,catalyst,precondition,pretext,way station,major step,key step,punching bag,3,3,0,2,3,3,0,2,2,2,2,2,0,2,2,2,2,2,2,0
Approved,strike a balance,drive a wedge,restore public confidence,find a balance,bridge the gap,reduce the influence,mediate,bridge the gaps,arrange a meeting,hide it,share power,end months,regain momentum,broker a ceasefire,have people,broker peace,increase the amount,choose,distinguish,ease tensions,boost security,0,0,2,2,0,2,2,0,0,2,0,0,2,0,2,0,0,0,2,0
Approved,strike a balance,drive a wedge,restore public confidence,find a balance,bridge the gap,reduce the influence,mediate,bridge the gaps,arrange a meeting,hide it,share power,end months,regain momentum,broker a ceasefire,have people,broker peace,increase the amount,choose,distinguish,ease tensions,boost security,0,0,3,0,0,2,1,0,0,1,0,0,2,0,2,0,0,0,2,0
Approved,strike a balance,drive a wedge,restore public confidence,find a balance,bridge the gap,reduce the influence,mediate,bridge the gaps,arrange a meeting,hide it,share power,end months,regain momentum,broker a ceasefire,have people,broker peace,increase the amount,choose,distinguish,ease tensions,boost security,1,0,3,2,0,3,2,0,0,0,0,0,2,0,2,0,0,0,2,0
Approved,tainted,contaminated,marred,laced,unheated,adulterated,melamine-tainted,tarnished,dogged,the tainted,toxic,the contaminated,up toxic,plagued,infected,rocked,was contaminated,sullied,anthrax-laced,overshadowed,swayed,3,3,2,0,2,2,2,0,2,2,2,2,2,2,0,2,3,2,0,0
Approved,tainted,contaminated,marred,laced,unheated,adulterated,melamine-tainted,tarnished,dogged,the tainted,toxic,the contaminated,up toxic,plagued,infected,rocked,was contaminated,sullied,anthrax-laced,overshadowed,swayed,3,2,2,0,2,0,3,0,1,3,2,0,2,3,0,2,3,3,0,0
Approved,tainted,contaminated,marred,laced,unheated,adulterated,melamine-tainted,tarnished,dogged,the tainted,toxic,the contaminated,up toxic,plagued,infected,rocked,was contaminated,sullied,anthrax-laced,overshadowed,swayed,3,3,3,1,3,2,3,0,2,2,2,1,3,3,0,2,3,1,0,0
Approved,television show,news program,tv show,heated debate,radio talk show,program,radio address,cbs program,talk show,national program,horror movie,best-selling book,cbs news program,cbs show,television series,broadcast,soap opera,radio show,news magazine,reality series,movie,2,3,0,0,3,0,1,2,2,0,0,1,1,3,2,3,0,0,2,0
Approved,television show,news program,tv show,heated debate,radio talk show,program,radio address,cbs program,talk show,national program,horror movie,best-selling book,cbs news program,cbs show,television series,broadcast,soap opera,radio show,news magazine,reality series,movie,3,3,1,1,2,1,2,2,2,2,0,3,2,3,3,2,1,0,2,2
Approved,television show,news program,tv show,heated debate,radio talk show,program,radio address,cbs program,talk show,national program,horror movie,best-selling book,cbs news program,cbs show,television series,broadcast,soap opera,radio show,news magazine,reality series,movie,3,3,0,1,2,0,2,2,1,1,0,2,2,2,2,2,0,1,1,1
Approved,tentative agreement,preliminary agreement,tentative deal,deal,basic agreement,verbal agreement,draft agreement,compromise,contract agreement,comprehensive deal,preliminary deal,memorandum of agreement,deal friday,tentative contract,final agreement,consensus,compromise agreement,letter of intent,new four-year contract,separate agreement,joint agreement,3,2,2,1,1,2,1,1,0,3,0,0,2,1,1,1,0,0,1,2
Approved,tentative agreement,preliminary agreement,tentative deal,deal,basic agreement,verbal agreement,draft agreement,compromise,contract agreement,comprehensive deal,preliminary deal,memorandum of agreement,deal friday,tentative contract,final agreement,consensus,compromise agreement,letter of intent,new four-year contract,separate agreement,joint agreement,3,3,1,1,1,2,1,1,1,3,1,0,3,1,0,1,0,0,1,1
Approved,tentative agreement,preliminary agreement,tentative deal,deal,basic agreement,verbal agreement,draft agreement,compromise,contract agreement,comprehensive deal,preliminary deal,memorandum of agreement,deal friday,tentative contract,final agreement,consensus,compromise agreement,letter of intent,new four-year contract,separate agreement,joint agreement,1,3,1,1,1,3,0,1,1,3,1,0,1,1,1,1,0,0,1,1
Approved,terrorist attack,terror attack,act of terrorism,terrorist strike,mass shooting,single attack,school shooting,environmental disaster,oil spill,terrorist attacks,attack,twin suicide bombings,terrorist act,dec. 13 attack,december 13 attack,suicide attack,terrorist incident,deadly attack,shooting rampage,mining disaster,terror attacks,2,3,3,0,1,0,0,0,2,2,2,3,0,0,2,2,0,0,0,2
Approved,terrorist attack,terror attack,act of terrorism,terrorist strike,mass shooting,single attack,school shooting,environmental disaster,oil spill,terrorist attacks,attack,twin suicide bombings,terrorist act,dec. 13 attack,december 13 attack,suicide attack,terrorist incident,deadly attack,shooting rampage,mining disaster,terror attacks,3,3,3,2,1,1,0,0,3,1,2,3,1,1,2,3,1,1,0,3
Approved,terrorist attack,terror attack,act of terrorism,terrorist strike,mass shooting,single attack,school shooting,environmental disaster,oil spill,terrorist attacks,attack,twin suicide bombings,terrorist act,dec. 13 attack,december 13 attack,suicide attack,terrorist incident,deadly attack,shooting rampage,mining disaster,terror attacks,3,3,3,2,2,2,0,0,3,2,2,3,2,2,2,3,2,2,0,3
Approved,terrorist group,terrorist organisation,terrorist organization,terror group,terror organization,terror network,militant network,regional terror group,world heritage site,terrorist network,militant group,extremist group,islamic extremist group,extremist network,"""terrorist",islamic militant group,foreign terrorist organization,state sponsor of terrorism,separatist group,muslim extremist group,a terrorist group,3,3,3,2,2,2,2,0,3,2,0,2,2,1,1,1,1,0,0,3
Approved,terrorist group,terrorist organisation,terrorist organization,terror group,terror organization,terror network,militant network,regional terror group,world heritage site,terrorist network,militant group,extremist group,islamic extremist group,extremist network,"""terrorist",islamic militant group,foreign terrorist organization,state sponsor of terrorism,separatist group,muslim extremist group,a terrorist group,3,3,3,3,3,1,2,0,3,1,2,2,2,2,2,3,2,1,2,2
Approved,terrorist group,terrorist organisation,terrorist organization,terror group,terror organization,terror network,militant network,regional terror group,world heritage site,terrorist network,militant group,extremist group,islamic extremist group,extremist network,"""terrorist",islamic militant group,foreign terrorist organization,state sponsor of terrorism,separatist group,muslim extremist group,a terrorist group,3,3,3,3,3,2,3,0,3,1,2,2,2,3,1,3,2,0,1,3
Rejected,terrorist group,terrorist organisation,terrorist organization,terror group,terror organization,terror network,militant network,regional terror group,world heritage site,terrorist network,militant group,extremist group,islamic extremist group,extremist network,"""terrorist",islamic militant group,foreign terrorist organization,state sponsor of terrorism,separatist group,muslim extremist group,a terrorist group,3,3,2,2,2,1,2,0,2,1,1,1,1,2,1,2,1,1,1,3
Approved,the most important thing,one of the most important things,the biggest thing,the greatest thing,one proposal,a pivotal moment,the only way out,there is only one china,how easy it,the best thing,what people have,what we need,a little difficult,all that matters,the important thing,this is good,what matters most,an exciting time,our purpose,everybody,it 's a great opportunity,3,2,2,1,2,0,0,0,2,0,0,0,0,2,0,0,2,0,0,2
Approved,the most important thing,one of the most important things,the biggest thing,the greatest thing,one proposal,a pivotal moment,the only way out,there is only one china,how easy it,the best thing,what people have,what we need,a little difficult,all that matters,the important thing,this is good,what matters most,an exciting time,our purpose,everybody,it 's a great opportunity,2,2,2,0,1,0,0,0,2,0,1,0,2,2,0,2,1,1,0,1
Rejected,the most important thing,one of the most important things,the biggest thing,the greatest thing,one proposal,a pivotal moment,the only way out,there is only one china,how easy it,the best thing,what people have,what we need,a little difficult,all that matters,the important thing,this is good,what matters most,an exciting time,our purpose,everybody,it 's a great opportunity,0,2,2,0,2,0,0,0,2,0,2,0,0,3,0,3,0,2,0,0
Approved,the most important thing,one of the most important things,the biggest thing,the greatest thing,one proposal,a pivotal moment,the only way out,there is only one china,how easy it,the best thing,what people have,what we need,a little difficult,all that matters,the important thing,this is good,what matters most,an exciting time,our purpose,everybody,it 's a great opportunity,3,2,3,0,1,0,0,0,2,0,0,0,1,1,0,3,0,0,0,0
Approved,to analyze,to analyse,to compile,on strengthening,were assessing,to win these,to assess,to decode,to scan,should solve,to recover some,to evaluate,to discuss,to review,to discern,to mull,to address,to figure out whether,to squeeze,to study,to determine,3,0,0,2,0,3,3,3,0,0,3,0,3,3,3,0,2,0,3,3
Rejected,to analyze,to analyse,to compile,on strengthening,were assessing,to win these,to assess,to decode,to scan,should solve,to recover some,to evaluate,to discuss,to review,to discern,to mull,to address,to figure out whether,to squeeze,to study,to determine,3,0,0,0,0,3,2,3,1,0,3,0,2,2,2,0,2,0,3,2
Approved,to analyze,to analyse,to compile,on strengthening,were assessing,to win these,to assess,to decode,to scan,should solve,to recover some,to evaluate,to discuss,to review,to discern,to mull,to address,to figure out whether,to squeeze,to study,to determine,3,3,0,3,0,3,3,3,1,1,3,3,3,3,3,1,3,0,3,3
Approved,to analyze,to analyse,to compile,on strengthening,were assessing,to win these,to assess,to decode,to scan,should solve,to recover some,to evaluate,to discuss,to review,to discern,to mull,to address,to figure out whether,to squeeze,to study,to determine,3,2,0,2,0,2,2,0,0,1,2,0,2,2,2,0,2,0,2,2
Approved,turning point,major turning point,sharp escalation,milestone,significant shift,player,pivotal moment,new stage,breakthrough,major step forward,new phase,watershed,clear victory,key step,great moment,defining moment,significant step forward,decisive moment,major milestone,new chapter,step forward,3,2,1,3,0,2,2,2,2,2,1,0,1,2,2,2,3,2,1,1
Approved,turning point,major turning point,sharp escalation,milestone,significant shift,player,pivotal moment,new stage,breakthrough,major step forward,new phase,watershed,clear victory,key step,great moment,defining moment,significant step forward,decisive moment,major milestone,new chapter,step forward,2,0,2,2,0,3,0,0,2,0,0,0,2,0,2,2,3,0,2,0
Approved,turning point,major turning point,sharp escalation,milestone,significant shift,player,pivotal moment,new stage,breakthrough,major step forward,new phase,watershed,clear victory,key step,great moment,defining moment,significant step forward,decisive moment,major milestone,new chapter,step forward,3,0,0,2,0,1,1,1,2,2,0,0,2,1,2,2,1,1,1,2
Approved,unprecedented,unusual,extraordinary,alarming,exponential,unequaled,apparent,unmatched,highly unusual,enormous,historic,all-out,unexpected,increasing,unprecedented economic,emergency,unannounced,unimaginable,unparalleled,aerial bombing,unusually high,2,0,0,0,3,0,3,2,0,2,0,2,1,1,0,0,0,3,0,0
Approved,unprecedented,unusual,extraordinary,alarming,exponential,unequaled,apparent,unmatched,highly unusual,enormous,historic,all-out,unexpected,increasing,unprecedented economic,emergency,unannounced,unimaginable,unparalleled,aerial bombing,unusually high,3,3,3,1,3,3,3,2,3,3,1,3,0,2,1,1,3,3,0,3
Approved,unprecedented,unusual,extraordinary,alarming,exponential,unequaled,apparent,unmatched,highly unusual,enormous,historic,all-out,unexpected,increasing,unprecedented economic,emergency,unannounced,unimaginable,unparalleled,aerial bombing,unusually high,2,2,0,2,2,0,2,2,0,0,0,2,0,2,0,0,0,2,0,0
Rejected,vociferous,vocal,outspoken,staunch,vehement,fierce,strident,boisterous,ardent,frequent,fanatical,implacable,virulent,prominent,forceful,tireless,strong,longtime,vigorous,harsh,brazen,2,3,0,3,2,2,3,3,0,0,0,0,0,0,0,3,0,3,0,2
Approved,vociferous,vocal,outspoken,staunch,vehement,fierce,strident,boisterous,ardent,frequent,fanatical,implacable,virulent,prominent,forceful,tireless,strong,longtime,vigorous,harsh,brazen,2,3,2,3,2,1,2,2,0,2,2,2,2,2,2,2,0,2,2,2
Approved,vociferous,vocal,outspoken,staunch,vehement,fierce,strident,boisterous,ardent,frequent,fanatical,implacable,virulent,prominent,forceful,tireless,strong,longtime,vigorous,harsh,brazen,3,3,3,3,3,3,3,3,0,3,3,3,2,3,3,3,1,3,0,3
Approved,vociferous,vocal,outspoken,staunch,vehement,fierce,strident,boisterous,ardent,frequent,fanatical,implacable,virulent,prominent,forceful,tireless,strong,longtime,vigorous,harsh,brazen,2,2,1,1,2,2,3,1,0,1,1,2,0,2,1,2,0,2,1,1
Approved,watchful eye,close eye,wary eye,close watch,watchful eyes,lid,tight grip,keen eye,sharp eye,tight lid,tutelage,purview,tight rein,low profile,auspices,supervision,firm grip,guidance,glare,aegis,gaze,3,2,3,2,0,0,3,3,0,0,0,2,0,0,2,2,0,1,0,0
Approved,watchful eye,close eye,wary eye,close watch,watchful eyes,lid,tight grip,keen eye,sharp eye,tight lid,tutelage,purview,tight rein,low profile,auspices,supervision,firm grip,guidance,glare,aegis,gaze,3,3,3,3,0,2,3,3,1,0,2,2,0,1,2,2,3,0,0,2
Rejected,watchful eye,close eye,wary eye,close watch,watchful eyes,lid,tight grip,keen eye,sharp eye,tight lid,tutelage,purview,tight rein,low profile,auspices,supervision,firm grip,guidance,glare,aegis,gaze,3,0,2,3,0,0,2,2,0,0,0,0,0,0,1,0,0,0,0,1
Approved,watchful eye,close eye,wary eye,close watch,watchful eyes,lid,tight grip,keen eye,sharp eye,tight lid,tutelage,purview,tight rein,low profile,auspices,supervision,firm grip,guidance,glare,aegis,gaze,3,2,3,3,0,2,3,3,0,2,0,2,0,2,2,2,0,0,0,0
Approved,weapons of mass destruction,"nuclear , chemical and biological weapons",banned weapons,weapons of mass destruction ( wmd),mass destruction weapons,chemical and biological weapons,"nuclear , biological and chemical weapons",unconventional weapons,"chemical , biological and nuclear weapons",nuclear weapons,wmd,alleged weapons of mass destruction,lethal weapons,chemical or biological weapons,"biological , chemical and nuclear weapons",such weapons,biological and chemical weapons,nuclear weaponry,weapons,chemical and nuclear weapons,wmds,2,2,3,3,2,2,2,2,2,3,3,1,2,2,1,2,2,1,2,3
Approved,weapons of mass destruction,"nuclear , chemical and biological weapons",banned weapons,weapons of mass destruction ( wmd),mass destruction weapons,chemical and biological weapons,"nuclear , biological and chemical weapons",unconventional weapons,"chemical , biological and nuclear weapons",nuclear weapons,wmd,alleged weapons of mass destruction,lethal weapons,chemical or biological weapons,"biological , chemical and nuclear weapons",such weapons,biological and chemical weapons,nuclear weaponry,weapons,chemical and nuclear weapons,wmds,3,2,3,2,2,3,0,3,3,3,0,0,3,3,0,3,3,0,3,3
Approved,weapons of mass destruction,"nuclear , chemical and biological weapons",banned weapons,weapons of mass destruction ( wmd),mass destruction weapons,chemical and biological weapons,"nuclear , biological and chemical weapons",unconventional weapons,"chemical , biological and nuclear weapons",nuclear weapons,wmd,alleged weapons of mass destruction,lethal weapons,chemical or biological weapons,"biological , chemical and nuclear weapons",such weapons,biological and chemical weapons,nuclear weaponry,weapons,chemical and nuclear weapons,wmds,2,1,2,2,2,2,1,2,2,2,2,1,2,2,1,2,2,2,2,2
