AssignmentStatus,Input.INPUT_PHRASE,Input.1,Input.2,Input.3,Input.4,Input.5,Input.6,Input.7,Input.8,Input.9,Input.10,Input.11,Input.12,Input.13,Input.14,Input.15,Input.16,Input.17,Input.18,Input.19,Input.20,Answer.InputA,Answer.InputB,Answer.InputC,Answer.InputD,Answer.InputE,Answer.InputF,Answer.InputG,Answer.InputH,Answer.InputI,Answer.InputJ,Answer.InputK,Answer.InputL,Answer.InputM,Answer.InputN,Answer.InputO,Answer.InputP,Answer.InputQ,Answer.InputR,Answer.InputS,Answer.InputT
Approved,abject poverty,absolute poverty,extreme poverty,", extreme poverty ",of extreme poverty,the extreme poverty,"extreme poverty , ",extreme poverty .,the poverty,the suffering,the misery,almost nothing,the plight,my gosh,N/A,N/A,N/A,N/A,N/A,N/A,N/A,1,3,2,1,1,1,1,1,0,0,0,0,0,0,0,0,0,0,0,0
Approved,abject poverty,absolute poverty,extreme poverty,", extreme poverty ",of extreme poverty,the extreme poverty,"extreme poverty , ",extreme poverty .,the poverty,the suffering,the misery,almost nothing,the plight,my gosh,N/A,N/A,N/A,N/A,N/A,N/A,N/A,3,3,3,2,2,3,3,2,1,1,1,1,0,0,0,0,0,0,0,0
Approved,abject poverty,absolute poverty,extreme poverty,", extreme poverty ",of extreme poverty,the extreme poverty,"extreme poverty , ",extreme poverty .,the poverty,the suffering,the misery,almost nothing,the plight,my gosh,N/A,N/A,N/A,N/A,N/A,N/A,N/A,3,3,3,2,2,3,3,2,1,1,0,1,0,0,0,0,0,0,0,0
Approved,abject poverty,absolute poverty,extreme poverty,", extreme poverty ",of extreme poverty,the extreme poverty,"extreme poverty , ",extreme poverty .,the poverty,the suffering,the misery,almost nothing,the plight,my gosh,N/A,N/A,N/A,N/A,N/A,N/A,N/A,3,3,3,2,2,3,3,1,0,0,0,0,0,0,0,0,0,0,0,0
Approved,appalling,shocking,disgraceful,startling,unreasonable,noticeable,defective,astonishing,distressing,tough,dismaying,calamitous,intolerable,destructive,critical,perplexing,surprising,reprehensible,unsettling,abhorrent,untenable,3,1,0,0,0,0,0,1,0,1,0,1,0,0,0,0,2,1,1,0
Approved,appalling,shocking,disgraceful,startling,unreasonable,noticeable,defective,astonishing,distressing,tough,dismaying,calamitous,intolerable,destructive,critical,perplexing,surprising,reprehensible,unsettling,abhorrent,untenable,3,3,2,2,1,1,2,2,1,3,3,3,2,1,2,1,3,2,3,2
Approved,appalling,shocking,disgraceful,startling,unreasonable,noticeable,defective,astonishing,distressing,tough,dismaying,calamitous,intolerable,destructive,critical,perplexing,surprising,reprehensible,unsettling,abhorrent,untenable,1,2,1,1,1,2,1,2,0,3,1,2,1,1,1,1,3,2,2,2
Approved,appalling,shocking,disgraceful,startling,unreasonable,noticeable,defective,astonishing,distressing,tough,dismaying,calamitous,intolerable,destructive,critical,perplexing,surprising,reprehensible,unsettling,abhorrent,untenable,3,3,2,0,1,0,2,2,0,2,2,2,1,2,1,2,3,2,3,3
Approved,bridge the gap,close the gap,narrow the gap,reduce the gap,fill the gap,closing the gap,narrowing the gap,reducing the gap,fill the gaps,bridging the gap,reduce the differences,address gaps,reduce disparities,fill gaps,reducing disparities,N/A,N/A,N/A,N/A,N/A,N/A,3,1,1,3,2,1,1,2,2,1,1,1,2,1,0,0,0,0,0,0
Rejected,bridge the gap,close the gap,narrow the gap,reduce the gap,fill the gap,closing the gap,narrowing the gap,reducing the gap,fill the gaps,bridging the gap,reduce the differences,address gaps,reduce disparities,fill gaps,reducing disparities,N/A,N/A,N/A,N/A,N/A,N/A,2,2,2,0,1,2,2,0,2,1,0,1,0,1,0,0,0,0,0,0
Rejected,broke up,broke off,split up,ran off,to break,has broken,breaking up,break up,to break up,cut off,broken up,to dissolve,is up,are separated,break down,breaks down,break off,break out,breaking off,broken off,wo n't be,0,2,0,0,0,0,1,1,0,1,1,0,1,0,0,0,0,0,0,0
Approved,broke up,broke off,split up,ran off,to break,has broken,breaking up,break up,to break up,cut off,broken up,to dissolve,is up,are separated,break down,breaks down,break off,break out,breaking off,broken off,wo n't be,3,3,0,0,2,2,2,2,1,2,1,0,2,0,0,2,0,3,2,0
Approved,broke up,broke off,split up,ran off,to break,has broken,breaking up,break up,to break up,cut off,broken up,to dissolve,is up,are separated,break down,breaks down,break off,break out,breaking off,broken off,wo n't be,2,3,0,1,2,2,2,2,0,2,2,0,3,0,0,2,0,2,2,0
Approved,capital punishment,death row,capital sentence,capital cities,the punishment,death sentences,death sentence in,death sentence,the death sentence,abolition of the death penalty,the death penalty is,"the death penalty , ",the death penalty,the death penalty was,use of the death penalty,a punishment,death penalty to,death penalty as,death penalty on,death penalty with,death penalty is,2,3,0,1,3,2,3,3,0,1,3,3,2,1,1,2,2,2,2,2
Rejected,capital punishment,death row,capital sentence,capital cities,the punishment,death sentences,death sentence in,death sentence,the death sentence,abolition of the death penalty,the death penalty is,"the death penalty , ",the death penalty,the death penalty was,use of the death penalty,a punishment,death penalty to,death penalty as,death penalty on,death penalty with,death penalty is,0,0,0,0,1,0,1,0,0,0,0,1,0,0,0,0,0,0,0,0
Approved,cell,body,computer,tariff,store,sect,hotel,plant,industry,tanker,charter,team,farm,container,ballot,prisoner,mouse,label,antenna,pod,test,1,0,0,0,2,0,1,0,0,0,1,1,3,0,1,0,1,1,3,0
Approved,cell,body,computer,tariff,store,sect,hotel,plant,industry,tanker,charter,team,farm,container,ballot,prisoner,mouse,label,antenna,pod,test,2,1,1,2,3,0,2,0,0,0,0,0,2,0,2,0,0,0,3,0
Approved,cell,body,computer,tariff,store,sect,hotel,plant,industry,tanker,charter,team,farm,container,ballot,prisoner,mouse,label,antenna,pod,test,1,0,0,0,0,0,0,0,0,0,0,0,3,0,0,0,0,0,3,0
Rejected,cell,body,computer,tariff,store,sect,hotel,plant,industry,tanker,charter,team,farm,container,ballot,prisoner,mouse,label,antenna,pod,test,0,0,0,0,0,0,0,0,0,0,1,0,0,0,0,0,0,0,0,0
Rejected,cell,body,computer,tariff,store,sect,hotel,plant,industry,tanker,charter,team,farm,container,ballot,prisoner,mouse,label,antenna,pod,test,1,0,0,0,1,0,0,0,0,0,1,0,1,0,0,0,0,0,1,0
Approved,classified information,sensitive information,confidential information,the confidential information,secret information,sensitive data,confidential data,a secret ballot,secret ballot,private business,solitary confinement,incommunicado detention,secret detention,top secret,the secret,a secret,N/A,N/A,N/A,N/A,N/A,3,3,2,3,3,3,1,1,1,0,0,0,2,0,1,0,0,0,,0
Approved,classified information,sensitive information,confidential information,the confidential information,secret information,sensitive data,confidential data,a secret ballot,secret ballot,private business,solitary confinement,incommunicado detention,secret detention,top secret,the secret,a secret,N/A,N/A,N/A,N/A,N/A,3,3,2,3,3,3,1,1,1,0,0,0,2,1,1,0,0,0,0,0
Approved,classified information,sensitive information,confidential information,the confidential information,secret information,sensitive data,confidential data,a secret ballot,secret ballot,private business,solitary confinement,incommunicado detention,secret detention,top secret,the secret,a secret,N/A,N/A,N/A,N/A,N/A,3,3,3,3,3,3,0,0,1,0,0,0,3,0,1,0,0,0,0,0
Approved,classified information,sensitive information,confidential information,the confidential information,secret information,sensitive data,confidential data,a secret ballot,secret ballot,private business,solitary confinement,incommunicado detention,secret detention,top secret,the secret,a secret,N/A,N/A,N/A,N/A,N/A,2,3,3,2,2,3,0,0,1,0,0,0,3,1,2,0,0,0,0,0
Approved,condescending,patronizing,demeaning,paternalistic,loud,upscale,lenient,dismissive,patronising,top,complacent,upper,high,N/A,N/A,N/A,N/A,N/A,N/A,N/A,N/A,3,3,1,0,0,0,1,3,0,0,0,0,0,0,0,0,0,0,0,0
Rejected,condescending,patronizing,demeaning,paternalistic,loud,upscale,lenient,dismissive,patronising,top,complacent,upper,high,N/A,N/A,N/A,N/A,N/A,N/A,N/A,N/A,2,3,0,0,0,0,1,1,0,0,0,0,0,0,0,0,0,0,0,0
Rejected,condescending,patronizing,demeaning,paternalistic,loud,upscale,lenient,dismissive,patronising,top,complacent,upper,high,N/A,N/A,N/A,N/A,N/A,N/A,N/A,N/A,2,2,0,0,0,0,0,3,0,0,0,0,0,0,0,0,0,0,0,0
Approved,condescending,patronizing,demeaning,paternalistic,loud,upscale,lenient,dismissive,patronising,top,complacent,upper,high,N/A,N/A,N/A,N/A,N/A,N/A,N/A,N/A,3,2,0,0,0,0,0,3,0,0,0,0,0,0,0,0,0,0,0,0
Approved,condescending,patronizing,demeaning,paternalistic,loud,upscale,lenient,dismissive,patronising,top,complacent,upper,high,N/A,N/A,N/A,N/A,N/A,N/A,N/A,N/A,3,3,2,0,0,0,1,2,1,0,1,0,0,0,0,0,0,0,0,0
Approved,condescending,patronizing,demeaning,paternalistic,loud,upscale,lenient,dismissive,patronising,top,complacent,upper,high,N/A,N/A,N/A,N/A,N/A,N/A,N/A,N/A,3,2,3,0,0,1,2,3,0,0,0,0,0,0,0,0,0,0,0,0
Approved,congressional committee,N/A,N/A,N/A,N/A,N/A,N/A,N/A,N/A,N/A,N/A,N/A,N/A,N/A,N/A,N/A,N/A,N/A,N/A,N/A,N/A,0,0,0,0,0,0,0,0,0,0,0,0,0,0,0,0,0,0,0,0
Approved,congressional committee,N/A,N/A,N/A,N/A,N/A,N/A,N/A,N/A,N/A,N/A,N/A,N/A,N/A,N/A,N/A,N/A,N/A,N/A,N/A,N/A,0,0,0,0,0,0,0,0,0,0,0,0,0,0,0,0,0,0,0,0
Approved,congressional committee,N/A,N/A,N/A,N/A,N/A,N/A,N/A,N/A,N/A,N/A,N/A,N/A,N/A,N/A,N/A,N/A,N/A,N/A,N/A,N/A,0,0,0,0,0,0,0,0,0,0,0,0,0,0,0,0,0,0,0,0
Approved,congressional committee,N/A,N/A,N/A,N/A,N/A,N/A,N/A,N/A,N/A,N/A,N/A,N/A,N/A,N/A,N/A,N/A,N/A,N/A,N/A,N/A,0,0,0,0,0,0,0,0,0,0,0,0,0,0,0,0,0,0,0,0
Approved,country's largest,N/A,N/A,N/A,N/A,N/A,N/A,N/A,N/A,N/A,N/A,N/A,N/A,N/A,N/A,N/A,N/A,N/A,N/A,N/A,N/A,0,0,0,0,0,0,0,0,0,0,0,0,0,0,0,0,0,0,0,0
Approved,country's largest,N/A,N/A,N/A,N/A,N/A,N/A,N/A,N/A,N/A,N/A,N/A,N/A,N/A,N/A,N/A,N/A,N/A,N/A,N/A,N/A,0,0,0,0,0,0,0,0,0,0,0,0,0,0,0,0,0,0,0,0
Rejected,crimes against humanity,crimes against humanity committed,"crime against humanity , ",a crime against humanity,crime against humanity,crimes against the,against humanity,of crimes against the,against the,N/A,N/A,N/A,N/A,N/A,N/A,N/A,N/A,N/A,N/A,N/A,N/A,2,,2,3,0,0,0,0,0,0,0,0,0,0,0,0,0,0,0,0
Approved,crimes against humanity,crimes against humanity committed,"crime against humanity , ",a crime against humanity,crime against humanity,crimes against the,against humanity,of crimes against the,against the,N/A,N/A,N/A,N/A,N/A,N/A,N/A,N/A,N/A,N/A,N/A,N/A,2,3,2,2,2,1,1,1,0,0,0,0,0,0,0,0,0,0,0,0
Rejected,defense attorney,lawyer guy,immigration attorney,defence attorney,"lawyer , james ",personal attorney,own attorney,defence lawyer,youth advocate,fucking lawyer,own lawyer,defence counsel,legal counsel,best lawyer,lawyer in vegas,respective counsel,lawyer 's,defence lawyers,own counsel,or her lawyer,legal representatives,0,0,2,0,1,1,3,0,1,1,3,2,1,0,0,0,2,0,0,0
Approved,defense attorney,lawyer guy,immigration attorney,defence attorney,"lawyer , james ",personal attorney,own attorney,defence lawyer,youth advocate,fucking lawyer,own lawyer,defence counsel,legal counsel,best lawyer,lawyer in vegas,respective counsel,lawyer 's,defence lawyers,own counsel,or her lawyer,legal representatives,2,1,3,1,2,2,3,1,0,2,3,2,1,1,1,1,2,0,0,2
Approved,defense attorney,lawyer guy,immigration attorney,defence attorney,"lawyer , james ",personal attorney,own attorney,defence lawyer,youth advocate,fucking lawyer,own lawyer,defence counsel,legal counsel,best lawyer,lawyer in vegas,respective counsel,lawyer 's,defence lawyers,own counsel,or her lawyer,legal representatives,2,2,3,1,2,2,3,0,1,2,2,2,1,1,1,1,2,1,1,2
Rejected,distributed,undertaken,obtained,administered,presented,supplied,shipped,funded,allocated,financed,employed,flown,released,conducted,tabled,installed,marketed,communicated,taken,entrusted,submitted,0,0,0,1,1,0,0,0,0,0,0,0,0,0,0,0,0,0,0,0
Approved,distributed,undertaken,obtained,administered,presented,supplied,shipped,funded,allocated,financed,employed,flown,released,conducted,tabled,installed,marketed,communicated,taken,entrusted,submitted,0,0,2,3,3,3,0,3,0,0,0,0,0,0,0,1,1,0,0,0
Approved,distributed,undertaken,obtained,administered,presented,supplied,shipped,funded,allocated,financed,employed,flown,released,conducted,tabled,installed,marketed,communicated,taken,entrusted,submitted,0,1,3,3,3,3,3,3,3,0,0,3,0,0,1,0,0,1,1,2
Approved,economic reforms,economic changes,reform efforts,reform measures,economic transformation,policy reforms,economic reform,"economic reform , ",economic restructuring,economic change,economic rehabilitation,reform package,"reforms , ",the reforms,reforms and,"reform , ",reforms of the,reform and,the repairs,reforms of,"of reforms , ",2,2,3,2,2,3,3,2,2,1,3,2,1,1,1,1,1,1,1,1
Rejected,economic reforms,economic changes,reform efforts,reform measures,economic transformation,policy reforms,economic reform,"economic reform , ",economic restructuring,economic change,economic rehabilitation,reform package,"reforms , ",the reforms,reforms and,"reform , ",reforms of the,reform and,the repairs,reforms of,"of reforms , ",1,1,2,0,1,3,2,1,2,0,0,1,0,0,0,0,0,0,0,0
Approved,economic reforms,economic changes,reform efforts,reform measures,economic transformation,policy reforms,economic reform,"economic reform , ",economic restructuring,economic change,economic rehabilitation,reform package,"reforms , ",the reforms,reforms and,"reform , ",reforms of the,reform and,the repairs,reforms of,"of reforms , ",3,2,2,2,2,3,3,3,3,3,2,1,1,1,1,1,1,1,1,1
Rejected,economic reforms,economic changes,reform efforts,reform measures,economic transformation,policy reforms,economic reform,"economic reform , ",economic restructuring,economic change,economic rehabilitation,reform package,"reforms , ",the reforms,reforms and,"reform , ",reforms of the,reform and,the repairs,reforms of,"of reforms , ",3,1,1,2,1,3,3,3,3,0,0,0,0,0,0,0,0,0,,0
Approved,endorse,observe,attend,approve,accept,implement,validate,initiate,underwrite,uphold,pursue,maintain,sustain,adopt,enforce,develop,reinforce,build,enter,follow,undertake,0,0,3,1,1,2,0,0,2,0,0,0,2,2,1,2,1,0,1,0
Approved,endorse,observe,attend,approve,accept,implement,validate,initiate,underwrite,uphold,pursue,maintain,sustain,adopt,enforce,develop,reinforce,build,enter,follow,undertake,0,0,3,0,0,0,0,1,1,0,0,0,0,0,0,0,0,0,0,0
Approved,endorse,observe,attend,approve,accept,implement,validate,initiate,underwrite,uphold,pursue,maintain,sustain,adopt,enforce,develop,reinforce,build,enter,follow,undertake,0,0,3,2,2,3,0,0,1,0,0,0,0,0,0,0,0,0,0,0
Approved,euthanasia,authentication,shelter,legalization,mercy,legalisation,merciful,N/A,N/A,N/A,N/A,N/A,N/A,N/A,N/A,N/A,N/A,N/A,N/A,N/A,N/A,1,0,0,2,0,2,0,0,0,0,0,0,0,0,0,0,0,0,0,0
Approved,euthanasia,authentication,shelter,legalization,mercy,legalisation,merciful,N/A,N/A,N/A,N/A,N/A,N/A,N/A,N/A,N/A,N/A,N/A,N/A,N/A,N/A,0,0,0,0,0,0,0,0,0,0,0,0,0,0,0,0,0,0,0,0
Approved,euthanasia,authentication,shelter,legalization,mercy,legalisation,merciful,N/A,N/A,N/A,N/A,N/A,N/A,N/A,N/A,N/A,N/A,N/A,N/A,N/A,N/A,0,0,0,1,0,1,0,0,0,0,0,0,0,0,0,0,0,0,0,0
Approved,euthanasia,authentication,shelter,legalization,mercy,legalisation,merciful,N/A,N/A,N/A,N/A,N/A,N/A,N/A,N/A,N/A,N/A,N/A,N/A,N/A,N/A,0,0,0,2,0,1,0,0,0,0,0,0,0,0,0,0,0,0,0,0
Approved,extremely difficult,exceedingly difficult,extraordinarily difficult,very difficult,incredibly difficult,enormously difficult,extremely complicated,exceptionally difficult,quite difficult,extremely serious,extremely hard,highly difficult,extremely harsh,really difficult,too difficult,extremely sensitive,particularly difficult,rather difficult,pretty hard,especially difficult,extremely delicate,3,3,3,3,3,3,3,3,1,3,3,1,3,3,0,3,3,3,3,0
Approved,extremely difficult,exceedingly difficult,extraordinarily difficult,very difficult,incredibly difficult,enormously difficult,extremely complicated,exceptionally difficult,quite difficult,extremely serious,extremely hard,highly difficult,extremely harsh,really difficult,too difficult,extremely sensitive,particularly difficult,rather difficult,pretty hard,especially difficult,extremely delicate,3,3,3,3,3,3,3,3,0,1,3,1,1,1,0,1,1,0,3,0
Approved,extremely difficult,exceedingly difficult,extraordinarily difficult,very difficult,incredibly difficult,enormously difficult,extremely complicated,exceptionally difficult,quite difficult,extremely serious,extremely hard,highly difficult,extremely harsh,really difficult,too difficult,extremely sensitive,particularly difficult,rather difficult,pretty hard,especially difficult,extremely delicate,3,3,3,3,2,3,3,2,1,3,3,1,3,1,0,3,2,3,3,0
Approved,extremely difficult,exceedingly difficult,extraordinarily difficult,very difficult,incredibly difficult,enormously difficult,extremely complicated,exceptionally difficult,quite difficult,extremely serious,extremely hard,highly difficult,extremely harsh,really difficult,too difficult,extremely sensitive,particularly difficult,rather difficult,pretty hard,especially difficult,extremely delicate,3,3,3,3,3,3,3,3,1,3,3,3,3,3,1,3,3,3,3,1
Approved,extremely difficult,exceedingly difficult,extraordinarily difficult,very difficult,incredibly difficult,enormously difficult,extremely complicated,exceptionally difficult,quite difficult,extremely serious,extremely hard,highly difficult,extremely harsh,really difficult,too difficult,extremely sensitive,particularly difficult,rather difficult,pretty hard,especially difficult,extremely delicate,3,3,3,3,3,1,2,2,1,3,3,1,2,1,1,2,2,2,3,0
Rejected,extremely difficult,exceedingly difficult,extraordinarily difficult,very difficult,incredibly difficult,enormously difficult,extremely complicated,exceptionally difficult,quite difficult,extremely serious,extremely hard,highly difficult,extremely harsh,really difficult,too difficult,extremely sensitive,particularly difficult,rather difficult,pretty hard,especially difficult,extremely delicate,2,1,2,1,2,1,2,1,0,3,1,0,1,1,0,1,1,1,1,0
Approved,failure to comply,failure to apply,failure to meet,failure to fulfil,failure to implement,failure to respect,failure to observe,not comply,lack of respect,failure to,and disregard,"breach , ","default , ",non-compliance is,not meeting,lack of conformity,not respect,not comply with,", failure ",a breach,"violations , ",2,3,3,2,2,2,2,2,1,1,2,2,2,2,2,2,2,1,1,1
Approved,failure to comply,failure to apply,failure to meet,failure to fulfil,failure to implement,failure to respect,failure to observe,not comply,lack of respect,failure to,and disregard,"breach , ","default , ",non-compliance is,not meeting,lack of conformity,not respect,not comply with,", failure ",a breach,"violations , ",0,2,3,3,0,2,3,0,0,0,0,0,0,0,0,0,2,0,0,0
Rejected,failure to comply,failure to apply,failure to meet,failure to fulfil,failure to implement,failure to respect,failure to observe,not comply,lack of respect,failure to,and disregard,"breach , ","default , ",non-compliance is,not meeting,lack of conformity,not respect,not comply with,", failure ",a breach,"violations , ",0,1,2,2,0,0,1,0,0,0,0,0,0,0,0,0,0,0,0,0
Approved,failure to comply,failure to apply,failure to meet,failure to fulfil,failure to implement,failure to respect,failure to observe,not comply,lack of respect,failure to,and disregard,"breach , ","default , ",non-compliance is,not meeting,lack of conformity,not respect,not comply with,", failure ",a breach,"violations , ",1,1,3,1,1,2,1,0,1,1,2,2,3,2,1,0,3,1,1,1
Approved,failure to comply,failure to apply,failure to meet,failure to fulfil,failure to implement,failure to respect,failure to observe,not comply,lack of respect,failure to,and disregard,"breach , ","default , ",non-compliance is,not meeting,lack of conformity,not respect,not comply with,", failure ",a breach,"violations , ",0,3,2,2,0,2,2,0,1,1,1,1,1,2,0,0,2,1,1,1
Rejected,failure to comply,failure to apply,failure to meet,failure to fulfil,failure to implement,failure to respect,failure to observe,not comply,lack of respect,failure to,and disregard,"breach , ","default , ",non-compliance is,not meeting,lack of conformity,not respect,not comply with,", failure ",a breach,"violations , ",2,2,1,1,1,1,0,2,0,2,2,0,2,3,0,2,2,0,2,2
Approved,forecast,projection,estimate,run,rise,cost,spray,review,support,frame,decrease,allocation,protection,release,allowance,analysis,influence,account,set,target,fall,3,2,0,0,0,0,1,0,0,0,0,0,0,0,2,0,1,0,1,0
Rejected,forecast,projection,estimate,run,rise,cost,spray,review,support,frame,decrease,allocation,protection,release,allowance,analysis,influence,account,set,target,fall,1,1,0,0,0,0,0,0,0,0,0,0,0,0,1,0,0,0,0,0
Rejected,forecast,projection,estimate,run,rise,cost,spray,review,support,frame,decrease,allocation,protection,release,allowance,analysis,influence,account,set,target,fall,3,1,0,1,0,0,,0,1,0,1,0,1,0,1,0,0,0,0,
Approved,forecast,projection,estimate,run,rise,cost,spray,review,support,frame,decrease,allocation,protection,release,allowance,analysis,influence,account,set,target,fall,3,2,0,0,0,0,0,0,0,0,0,0,0,0,1,0,0,0,0,0
Approved,forecast,projection,estimate,run,rise,cost,spray,review,support,frame,decrease,allocation,protection,release,allowance,analysis,influence,account,set,target,fall,2,2,0,1,1,0,1,0,2,0,2,0,1,1,2,2,1,2,1,0
Approved,go the extra mile,N/A,N/A,N/A,N/A,N/A,N/A,N/A,N/A,N/A,N/A,N/A,N/A,N/A,N/A,N/A,N/A,N/A,N/A,N/A,N/A,0,0,0,0,0,0,0,0,0,0,0,0,0,0,0,0,0,0,0,0
Approved,go the extra mile,N/A,N/A,N/A,N/A,N/A,N/A,N/A,N/A,N/A,N/A,N/A,N/A,N/A,N/A,N/A,N/A,N/A,N/A,N/A,N/A,0,0,0,0,0,0,0,0,0,0,0,0,0,0,0,0,0,0,0,0
Approved,go the extra mile,N/A,N/A,N/A,N/A,N/A,N/A,N/A,N/A,N/A,N/A,N/A,N/A,N/A,N/A,N/A,N/A,N/A,N/A,N/A,N/A,0,0,0,,0,0,0,0,0,0,0,0,0,0,0,0,0,0,0,0
Approved,go the extra mile,N/A,N/A,N/A,N/A,N/A,N/A,N/A,N/A,N/A,N/A,N/A,N/A,N/A,N/A,N/A,N/A,N/A,N/A,N/A,N/A,0,0,0,0,0,0,0,0,0,0,0,0,0,0,0,0,0,0,0,0
Approved,had an affair,N/A,N/A,N/A,N/A,N/A,N/A,N/A,N/A,N/A,N/A,N/A,N/A,N/A,N/A,N/A,N/A,N/A,N/A,N/A,N/A,0,0,0,0,0,0,0,0,0,0,0,0,0,0,0,0,0,0,0,0
Approved,had an affair,N/A,N/A,N/A,N/A,N/A,N/A,N/A,N/A,N/A,N/A,N/A,N/A,N/A,N/A,N/A,N/A,N/A,N/A,N/A,N/A,0,0,0,0,0,0,0,0,0,0,0,0,0,0,0,0,0,0,0,0
Approved,had an affair,N/A,N/A,N/A,N/A,N/A,N/A,N/A,N/A,N/A,N/A,N/A,N/A,N/A,N/A,N/A,N/A,N/A,N/A,N/A,N/A,0,0,0,0,0,0,0,0,0,0,0,0,0,0,0,0,0,0,0,0
Approved,had an affair,N/A,N/A,N/A,N/A,N/A,N/A,N/A,N/A,N/A,N/A,N/A,N/A,N/A,N/A,N/A,N/A,N/A,N/A,N/A,N/A,0,0,0,0,0,0,0,0,0,0,0,0,0,0,0,0,0,0,0,0
Rejected,hard to find,hard to get,difficult to find,difficult to reach,difficult to achieve,difficult to identify,difficult to see,difficult to get,difficult to bear,rare for,as difficult,very difficult,difficult to,"unusual , ","uncommon , ",uncommon to,"rare , ",often find,rare to,"scarce , ",rarely seen,0,2,0,0,0,1,1,0,0,0,0,0,0,0,0,0,0,0,0,0
Approved,hard to find,hard to get,difficult to find,difficult to reach,difficult to achieve,difficult to identify,difficult to see,difficult to get,difficult to bear,rare for,as difficult,very difficult,difficult to,"unusual , ","uncommon , ",uncommon to,"rare , ",often find,rare to,"scarce , ",rarely seen,2,3,1,0,3,3,3,0,3,0,0,0,2,2,2,,0,1,1,2
Approved,hard to find,hard to get,difficult to find,difficult to reach,difficult to achieve,difficult to identify,difficult to see,difficult to get,difficult to bear,rare for,as difficult,very difficult,difficult to,"unusual , ","uncommon , ",uncommon to,"rare , ",often find,rare to,"scarce , ",rarely seen,2,3,2,2,1,2,2,0,0,0,0,0,0,2,0,3,0,0,3,2
Rejected,hard to find,hard to get,difficult to find,difficult to reach,difficult to achieve,difficult to identify,difficult to see,difficult to get,difficult to bear,rare for,as difficult,very difficult,difficult to,"unusual , ","uncommon , ",uncommon to,"rare , ",often find,rare to,"scarce , ",rarely seen,3,3,1,1,1,1,2,2,1,1,2,2,3,3,2,3,1,1,3,3
Approved,hard to find,hard to get,difficult to find,difficult to reach,difficult to achieve,difficult to identify,difficult to see,difficult to get,difficult to bear,rare for,as difficult,very difficult,difficult to,"unusual , ","uncommon , ",uncommon to,"rare , ",often find,rare to,"scarce , ",rarely seen,2,3,3,1,0,3,3,0,1,0,1,1,0,1,1,1,1,1,2,1
Approved,hard to find,hard to get,difficult to find,difficult to reach,difficult to achieve,difficult to identify,difficult to see,difficult to get,difficult to bear,rare for,as difficult,very difficult,difficult to,"unusual , ","uncommon , ",uncommon to,"rare , ",often find,rare to,"scarce , ",rarely seen,3,3,2,3,2,2,2,1,1,1,2,1,2,3,2,3,2,1,3,3
Approved,heavy artillery,N/A,N/A,N/A,N/A,N/A,N/A,N/A,N/A,N/A,N/A,N/A,N/A,N/A,N/A,N/A,N/A,N/A,N/A,N/A,N/A,0,0,0,0,0,0,0,0,0,0,0,0,0,0,0,0,0,0,0,0
Approved,heavy artillery,N/A,N/A,N/A,N/A,N/A,N/A,N/A,N/A,N/A,N/A,N/A,N/A,N/A,N/A,N/A,N/A,N/A,N/A,N/A,N/A,0,0,0,0,0,0,0,0,0,0,0,0,0,0,0,0,0,0,0,0
Approved,heavy artillery,N/A,N/A,N/A,N/A,N/A,N/A,N/A,N/A,N/A,N/A,N/A,N/A,N/A,N/A,N/A,N/A,N/A,N/A,N/A,N/A,0,0,0,0,0,0,0,0,0,0,0,0,0,0,0,0,0,0,0,0
Approved,heavy artillery,N/A,N/A,N/A,N/A,N/A,N/A,N/A,N/A,N/A,N/A,N/A,N/A,N/A,N/A,N/A,N/A,N/A,N/A,N/A,N/A,0,0,0,0,0,0,0,0,0,0,0,0,0,0,0,0,0,0,0,0
Rejected,held hostage,taken hostage,holed up,being held,held in detention,being held captive,were held,held to ransom,detainees held,prisoners held,persons detained,placed upon,abducted by,relied upon,made dependent,made subject,made conditional,fall victim,people hostage,are detained,being detained,1,0,1,0,3,0,1,0,0,0,0,1,0,0,0,0,0,0,0,1
Approved,held hostage,taken hostage,holed up,being held,held in detention,being held captive,were held,held to ransom,detainees held,prisoners held,persons detained,placed upon,abducted by,relied upon,made dependent,made subject,made conditional,fall victim,people hostage,are detained,being detained,3,1,1,1,3,1,2,2,2,1,0,1,0,0,1,0,0,1,2,2
Rejected,held hostage,taken hostage,holed up,being held,held in detention,being held captive,were held,held to ransom,detainees held,prisoners held,persons detained,placed upon,abducted by,relied upon,made dependent,made subject,made conditional,fall victim,people hostage,are detained,being detained,3,2,2,2,3,1,3,2,2,2,0,3,0,1,1,0,0,3,2,2
Approved,held hostage,taken hostage,holed up,being held,held in detention,being held captive,were held,held to ransom,detainees held,prisoners held,persons detained,placed upon,abducted by,relied upon,made dependent,made subject,made conditional,fall victim,people hostage,are detained,being detained,2,2,2,1,3,0,3,1,0,0,0,2,0,0,0,0,0,0,1,1
Approved,held hostage,taken hostage,holed up,being held,held in detention,being held captive,were held,held to ransom,detainees held,prisoners held,persons detained,placed upon,abducted by,relied upon,made dependent,made subject,made conditional,fall victim,people hostage,are detained,being detained,3,0,3,3,3,2,2,0,0,0,0,3,0,0,0,0,2,2,2,3
Approved,held hostage,taken hostage,holed up,being held,held in detention,being held captive,were held,held to ransom,detainees held,prisoners held,persons detained,placed upon,abducted by,relied upon,made dependent,made subject,made conditional,fall victim,people hostage,are detained,being detained,3,1,1,1,3,1,2,1,1,1,0,1,0,0,0,0,0,1,1,1
Approved,held hostage,taken hostage,holed up,being held,held in detention,being held captive,were held,held to ransom,detainees held,prisoners held,persons detained,placed upon,abducted by,relied upon,made dependent,made subject,made conditional,fall victim,people hostage,are detained,being detained,3,1,2,1,3,1,3,1,0,1,0,1,0,0,0,0,1,1,1,1
Approved,information about,clarification about,information relevant to,information relevant to the,awareness about,evidence about,information under,knowledge about the,knowledge about,documentation of,detail about,understanding about,guidance in,input from,clarification of,advice about,relevant information about,awareness of,awareness of the,discussion on,discussion of,2,3,2,1,3,1,2,3,2,3,2,0,1,2,2,2,2,1,0,0
Approved,information about,clarification about,information relevant to,information relevant to the,awareness about,evidence about,information under,knowledge about the,knowledge about,documentation of,detail about,understanding about,guidance in,input from,clarification of,advice about,relevant information about,awareness of,awareness of the,discussion on,discussion of,1,3,2,1,2,2,3,3,3,2,3,2,1,1,2,3,1,1,2,2
Rejected,information about,clarification about,information relevant to,information relevant to the,awareness about,evidence about,information under,knowledge about the,knowledge about,documentation of,detail about,understanding about,guidance in,input from,clarification of,advice about,relevant information about,awareness of,awareness of the,discussion on,discussion of,0,1,1,0,0,0,0,0,0,1,1,0,0,1,0,1,0,0,0,0
Approved,information about,clarification about,information relevant to,information relevant to the,awareness about,evidence about,information under,knowledge about the,knowledge about,documentation of,detail about,understanding about,guidance in,input from,clarification of,advice about,relevant information about,awareness of,awareness of the,discussion on,discussion of,1,3,2,1,1,1,2,3,2,1,1,0,1,0,0,2,0,0,0,0
Approved,information about,clarification about,information relevant to,information relevant to the,awareness about,evidence about,information under,knowledge about the,knowledge about,documentation of,detail about,understanding about,guidance in,input from,clarification of,advice about,relevant information about,awareness of,awareness of the,discussion on,discussion of,2,3,2,2,2,2,2,3,2,3,3,0,0,2,0,3,0,0,0,0
Approved,it is fair to say,it 's fair to say,i suppose,i guess,it can be argued,it may be said,i guess you could say,it might be said,it could be said,it can be said,it can be stated,we could say,you could say,you can say,we can say,it may be argued,you might say,we might say,you could call,we can tell,it can be,3,3,3,3,3,3,3,3,3,3,3,3,2,2,,3,3,2,1,1
Rejected,it is fair to say,it 's fair to say,i suppose,i guess,it can be argued,it may be said,i guess you could say,it might be said,it could be said,it can be said,it can be stated,we could say,you could say,you can say,we can say,it may be argued,you might say,we might say,you could call,we can tell,it can be,3,0,0,0,1,1,1,,1,1,1,1,1,1,1,1,1,1,0,0
Approved,it is fair to say,it 's fair to say,i suppose,i guess,it can be argued,it may be said,i guess you could say,it might be said,it could be said,it can be said,it can be stated,we could say,you could say,you can say,we can say,it may be argued,you might say,we might say,you could call,we can tell,it can be,3,2,2,2,3,2,2,2,3,3,2,2,3,3,1,2,2,0,0,0
Rejected,lackluster,flagging,lacklustre,feeble,tenuous,lame,mediocre,fragile,sluggish,shaky,thin,lifeless,precarious,modest,muted,weak,slim,low,steady,poor,flat,0,0,2,1,3,3,1,1,1,0,0,0,0,0,1,0,1,0,3,0
Approved,lackluster,flagging,lacklustre,feeble,tenuous,lame,mediocre,fragile,sluggish,shaky,thin,lifeless,precarious,modest,muted,weak,slim,low,steady,poor,flat,1,3,3,2,2,3,0,1,1,1,2,0,0,2,2,1,0,0,2,2
Rejected,lackluster,flagging,lacklustre,feeble,tenuous,lame,mediocre,fragile,sluggish,shaky,thin,lifeless,precarious,modest,muted,weak,slim,low,steady,poor,flat,0,2,1,0,2,2,0,0,0,0,1,0,0,0,1,0,0,0,1,0
Approved,lackluster,flagging,lacklustre,feeble,tenuous,lame,mediocre,fragile,sluggish,shaky,thin,lifeless,precarious,modest,muted,weak,slim,low,steady,poor,flat,,3,3,2,3,3,2,2,2,0,2,1,1,1,2,0,1,0,2,0
Approved,lay the groundwork,lay the foundations,laying the groundwork,lay the foundation,lay the basis,lay the ground,set the stage,prepare the way,prepare the ground,build the foundations,to lay the foundations,provide the foundation,laying the foundations,establish the basis,provide the basis,to lay the foundation,lay a foundation,form the basis,pave the way,setting the stage,laying the foundation,3,2,3,3,1,3,2,2,2,2,1,2,1,1,2,3,3,2,1,2
Rejected,lay the groundwork,lay the foundations,laying the groundwork,lay the foundation,lay the basis,lay the ground,set the stage,prepare the way,prepare the ground,build the foundations,to lay the foundations,provide the foundation,laying the foundations,establish the basis,provide the basis,to lay the foundation,lay a foundation,form the basis,pave the way,setting the stage,laying the foundation,2,3,2,1,0,1,1,0,0,0,0,0,0,0,0,0,0,1,0,0
Approved,lay the groundwork,lay the foundations,laying the groundwork,lay the foundation,lay the basis,lay the ground,set the stage,prepare the way,prepare the ground,build the foundations,to lay the foundations,provide the foundation,laying the foundations,establish the basis,provide the basis,to lay the foundation,lay a foundation,form the basis,pave the way,setting the stage,laying the foundation,3,2,3,3,2,2,2,2,3,2,3,2,3,3,2,3,3,3,2,2
Rejected,make ends meet,ensure their survival,stay alive,can survive,survive this,get by,live with that,have to die,save your life,to survive,N/A,N/A,N/A,N/A,N/A,N/A,N/A,N/A,N/A,N/A,N/A,0,0,0,0,0,0,0,0,0,0,0,0,0,0,0,0,0,0,0,0
Approved,make ends meet,ensure their survival,stay alive,can survive,survive this,get by,live with that,have to die,save your life,to survive,N/A,N/A,N/A,N/A,N/A,N/A,N/A,N/A,N/A,N/A,N/A,2,1,1,1,3,2,0,0,1,0,0,0,0,0,0,0,0,0,0,0
Rejected,make ends meet,ensure their survival,stay alive,can survive,survive this,get by,live with that,have to die,save your life,to survive,N/A,N/A,N/A,N/A,N/A,N/A,N/A,N/A,N/A,N/A,N/A,0,0,0,0,3,1,0,0,2,0,0,0,0,0,0,0,0,0,0,0
Approved,make ends meet,ensure their survival,stay alive,can survive,survive this,get by,live with that,have to die,save your life,to survive,N/A,N/A,N/A,N/A,N/A,N/A,N/A,N/A,N/A,N/A,N/A,1,2,1,2,3,2,1,0,3,0,0,0,0,0,0,0,0,0,0,0
Approved,make ends meet,ensure their survival,stay alive,can survive,survive this,get by,live with that,have to die,save your life,to survive,N/A,N/A,N/A,N/A,N/A,N/A,N/A,N/A,N/A,N/A,N/A,2,1,1,,3,2,0,0,2,0,0,0,0,0,0,0,0,0,0,0
Rejected,mitigate,ameliorate,eliminate,erase,solve,attenuate,stabilise,neutralize,facilitate,alleviate,improve,minimize,counteract,lessen,absorb,shorten,publicize,undo,supervise,resolve,confront,3,3,3,2,3,3,3,3,3,3,3,3,3,3,3,0,1,1,1,1
Rejected,mitigate,ameliorate,eliminate,erase,solve,attenuate,stabilise,neutralize,facilitate,alleviate,improve,minimize,counteract,lessen,absorb,shorten,publicize,undo,supervise,resolve,confront,3,0,0,1,0,1,2,2,1,2,0,0,2,0,0,0,0,1,2,0
Rejected,mitigate,ameliorate,eliminate,erase,solve,attenuate,stabilise,neutralize,facilitate,alleviate,improve,minimize,counteract,lessen,absorb,shorten,publicize,undo,supervise,resolve,confront,0,0,0,0,0,0,0,0,1,0,1,0,1,0,0,0,0,0,0,0
Rejected,mitigate,ameliorate,eliminate,erase,solve,attenuate,stabilise,neutralize,facilitate,alleviate,improve,minimize,counteract,lessen,absorb,shorten,publicize,undo,supervise,resolve,confront,1,1,2,1,0,2,1,0,1,3,1,2,2,1,1,0,1,1,1,0
Approved,phenomenal,incredible,delightful,terrible,terrific,magnificent,awesome,fantastic,tremendous,great,wonderful,wondrous,brilliant,remarkable,obvious,commendable,fast-paced,sizeable,shocking,superb,steep,3,2,0,3,3,3,3,3,2,3,3,3,3,1,3,1,2,1,1,0
Approved,phenomenal,incredible,delightful,terrible,terrific,magnificent,awesome,fantastic,tremendous,great,wonderful,wondrous,brilliant,remarkable,obvious,commendable,fast-paced,sizeable,shocking,superb,steep,3,1,0,2,3,3,3,1,2,2,2,3,2,0,2,0,1,0,2,0
Rejected,phenomenal,incredible,delightful,terrible,terrific,magnificent,awesome,fantastic,tremendous,great,wonderful,wondrous,brilliant,remarkable,obvious,commendable,fast-paced,sizeable,shocking,superb,steep,2,0,0,0,2,1,1,1,1,1,2,1,1,0,1,0,0,0,2,0
Approved,phenomenal,incredible,delightful,terrible,terrific,magnificent,awesome,fantastic,tremendous,great,wonderful,wondrous,brilliant,remarkable,obvious,commendable,fast-paced,sizeable,shocking,superb,steep,3,3,2,3,3,3,3,3,3,3,3,2,3,1,2,0,1,2,3,0
Approved,phenomenal,incredible,delightful,terrible,terrific,magnificent,awesome,fantastic,tremendous,great,wonderful,wondrous,brilliant,remarkable,obvious,commendable,fast-paced,sizeable,shocking,superb,steep,3,2,0,3,3,2,3,1,1,1,1,2,2,0,2,0,0,1,2,0
Approved,phenomenal,incredible,delightful,terrible,terrific,magnificent,awesome,fantastic,tremendous,great,wonderful,wondrous,brilliant,remarkable,obvious,commendable,fast-paced,sizeable,shocking,superb,steep,3,1,0,3,3,3,3,3,2,3,3,3,3,0,1,0,0,1,3,0
Rejected,reason to believe,reason to think,reason to assume,reason to suspect,reason to expect,reason to think that,reasons to believe,grounds to believe,cause to believe,reason to suspect that,good reason to believe,good reasons to believe,reasons to believe that,reasonable grounds to believe,grounds to believe that,evidence suggests,to think,to believe,", to think ",to think about,reason to,1,2,2,1,3,3,3,3,2,3,2,2,3,3,2,0,0,0,0,0
Rejected,reason to believe,reason to think,reason to assume,reason to suspect,reason to expect,reason to think that,reasons to believe,grounds to believe,cause to believe,reason to suspect that,good reason to believe,good reasons to believe,reasons to believe that,reasonable grounds to believe,grounds to believe that,evidence suggests,to think,to believe,", to think ",to think about,reason to,0,1,1,1,1,3,1,0,1,1,1,1,0,0,1,0,0,0,0,0
Approved,reason to believe,reason to think,reason to assume,reason to suspect,reason to expect,reason to think that,reasons to believe,grounds to believe,cause to believe,reason to suspect that,good reason to believe,good reasons to believe,reasons to believe that,reasonable grounds to believe,grounds to believe that,evidence suggests,to think,to believe,", to think ",to think about,reason to,3,3,2,1,3,3,3,3,1,3,3,3,3,3,2,0,1,0,0,1
Approved,reason to believe,reason to think,reason to assume,reason to suspect,reason to expect,reason to think that,reasons to believe,grounds to believe,cause to believe,reason to suspect that,good reason to believe,good reasons to believe,reasons to believe that,reasonable grounds to believe,grounds to believe that,evidence suggests,to think,to believe,", to think ",to think about,reason to,3,3,3,0,3,2,2,3,3,1,1,2,1,2,3,0,0,0,0,0
Approved,refused to talk,N/A,N/A,N/A,N/A,N/A,N/A,N/A,N/A,N/A,N/A,N/A,N/A,N/A,N/A,N/A,N/A,N/A,N/A,N/A,N/A,0,0,0,0,0,0,0,0,0,0,0,0,0,0,0,0,0,0,0,0
Approved,refused to talk,N/A,N/A,N/A,N/A,N/A,N/A,N/A,N/A,N/A,N/A,N/A,N/A,N/A,N/A,N/A,N/A,N/A,N/A,N/A,N/A,0,0,0,0,0,0,0,0,0,0,0,0,0,0,0,0,0,0,0,0
Approved,repercussions,implications,ramifications,achievements,consequences,side-effects,developments,outcomes,burdens,reverberations,meanings,treasures,fallouts,spillovers,reactions,lessons,problems,inferences,spinoffs,impacts,conclusions,1,3,1,3,2,1,2,1,1,1,0,3,2,2,1,2,0,1,1,1
Approved,repercussions,implications,ramifications,achievements,consequences,side-effects,developments,outcomes,burdens,reverberations,meanings,treasures,fallouts,spillovers,reactions,lessons,problems,inferences,spinoffs,impacts,conclusions,0,2,0,3,3,0,2,0,3,0,0,2,2,3,0,1,0,0,3,1
Approved,repercussions,implications,ramifications,achievements,consequences,side-effects,developments,outcomes,burdens,reverberations,meanings,treasures,fallouts,spillovers,reactions,lessons,problems,inferences,spinoffs,impacts,conclusions,3,3,2,3,3,2,3,2,2,0,0,2,2,2,2,2,2,1,3,2
Rejected,repercussions,implications,ramifications,achievements,consequences,side-effects,developments,outcomes,burdens,reverberations,meanings,treasures,fallouts,spillovers,reactions,lessons,problems,inferences,spinoffs,impacts,conclusions,0,3,0,3,3,3,3,1,3,0,0,3,3,3,1,1,0,3,3,1
Approved,repercussions,implications,ramifications,achievements,consequences,side-effects,developments,outcomes,burdens,reverberations,meanings,treasures,fallouts,spillovers,reactions,lessons,problems,inferences,spinoffs,impacts,conclusions,3,3,1,3,2,2,3,0,2,0,0,1,0,1,1,1,1,0,2,1
Rejected,repercussions,implications,ramifications,achievements,consequences,side-effects,developments,outcomes,burdens,reverberations,meanings,treasures,fallouts,spillovers,reactions,lessons,problems,inferences,spinoffs,impacts,conclusions,1,3,0,2,2,0,0,0,0,0,0,0,0,0,0,0,0,0,0,0
Rejected,rules and regulations,regulations,"rules "" ",rules and procedures to,rules and procedures,"rules and procedures , ",laws and regulations,"regulations "" ",rules and standards,rules and guidelines,statutes and regulations,standards and regulations,regulations and standards,policies and guidelines,regulations and procedures,standards and rules,norms and standards,standards and norms,acts and regulations,norms and rules,procedures and rules,3,3,2,3,3,3,3,3,3,3,3,3,3,3,3,3,3,3,3,3
Rejected,rules and regulations,regulations,"rules "" ",rules and procedures to,rules and procedures,"rules and procedures , ",laws and regulations,"regulations "" ",rules and standards,rules and guidelines,statutes and regulations,standards and regulations,regulations and standards,policies and guidelines,regulations and procedures,standards and rules,norms and standards,standards and norms,acts and regulations,norms and rules,procedures and rules,1,1,1,1,1,2,1,2,3,1,1,1,2,1,1,0,0,0,0,1
Approved,rules and regulations,regulations,"rules "" ",rules and procedures to,rules and procedures,"rules and procedures , ",laws and regulations,"regulations "" ",rules and standards,rules and guidelines,statutes and regulations,standards and regulations,regulations and standards,policies and guidelines,regulations and procedures,standards and rules,norms and standards,standards and norms,acts and regulations,norms and rules,procedures and rules,1,1,2,2,2,3,1,3,3,3,2,2,3,2,2,2,2,2,2,2
Approved,rules and regulations,regulations,"rules "" ",rules and procedures to,rules and procedures,"rules and procedures , ",laws and regulations,"regulations "" ",rules and standards,rules and guidelines,statutes and regulations,standards and regulations,regulations and standards,policies and guidelines,regulations and procedures,standards and rules,norms and standards,standards and norms,acts and regulations,norms and rules,procedures and rules,3,2,2,3,2,3,2,3,3,2,3,3,3,3,3,2,2,2,2,3
Approved,rules and regulations,regulations,"rules "" ",rules and procedures to,rules and procedures,"rules and procedures , ",laws and regulations,"regulations "" ",rules and standards,rules and guidelines,statutes and regulations,standards and regulations,regulations and standards,policies and guidelines,regulations and procedures,standards and rules,norms and standards,standards and norms,acts and regulations,norms and rules,procedures and rules,1,1,1,2,2,3,1,1,1,2,2,1,1,2,1,0,0,1,1,1
Approved,sea change,turning point,paradigm shift,big change,major change,slight change,drastic change,dramatic change,profound change,fundamental change,radical change,major shift,complete change,radical shift,landmark event,dramatic shift,landmark achievement,fundamental shift,important turning point,critical point,new direction,3,3,3,3,1,3,3,3,2,3,3,3,3,2,3,1,2,2,2,2
Rejected,sea change,turning point,paradigm shift,big change,major change,slight change,drastic change,dramatic change,profound change,fundamental change,radical change,major shift,complete change,radical shift,landmark event,dramatic shift,landmark achievement,fundamental shift,important turning point,critical point,new direction,0,0,0,0,0,0,0,0,0,0,0,0,0,0,0,0,0,0,0,1
Rejected,sea change,turning point,paradigm shift,big change,major change,slight change,drastic change,dramatic change,profound change,fundamental change,radical change,major shift,complete change,radical shift,landmark event,dramatic shift,landmark achievement,fundamental shift,important turning point,critical point,new direction,1,1,2,3,0,3,3,3,3,3,3,2,2,1,1,0,0,1,1,2
Approved,sea change,turning point,paradigm shift,big change,major change,slight change,drastic change,dramatic change,profound change,fundamental change,radical change,major shift,complete change,radical shift,landmark event,dramatic shift,landmark achievement,fundamental shift,important turning point,critical point,new direction,0,1,3,3,0,3,3,3,3,3,2,2,2,1,2,0,2,2,2,1
Rejected,stark,intense,observable,rude,inspiring,cruel,fierce,horrifying,unqualified,robust,vehement,critical,warm,compelling,reliable,obvious,tense,dubious,unmistakable,thick,categorical,1,1,2,0,1,2,2,0,1,0,0,1,0,1,,2,1,2,0,0
Rejected,stark,intense,observable,rude,inspiring,cruel,fierce,horrifying,unqualified,robust,vehement,critical,warm,compelling,reliable,obvious,tense,dubious,unmistakable,thick,categorical,0,0,0,0,0,0,0,0,0,0,0,0,1,0,0,0,0,0,0,0
Approved,stark,intense,observable,rude,inspiring,cruel,fierce,horrifying,unqualified,robust,vehement,critical,warm,compelling,reliable,obvious,tense,dubious,unmistakable,thick,categorical,2,3,0,0,0,1,1,0,0,1,0,0,2,0,3,0,0,3,0,3
Rejected,stark,intense,observable,rude,inspiring,cruel,fierce,horrifying,unqualified,robust,vehement,critical,warm,compelling,reliable,obvious,tense,dubious,unmistakable,thick,categorical,3,3,2,0,2,3,2,0,2,2,2,0,2,0,3,2,2,3,3,2
Approved,step up to the plate,N/A,N/A,N/A,N/A,N/A,N/A,N/A,N/A,N/A,N/A,N/A,N/A,N/A,N/A,N/A,N/A,N/A,N/A,N/A,N/A,0,0,0,0,0,0,0,0,0,0,0,0,0,0,0,0,0,0,0,0
Approved,step up to the plate,N/A,N/A,N/A,N/A,N/A,N/A,N/A,N/A,N/A,N/A,N/A,N/A,N/A,N/A,N/A,N/A,N/A,N/A,N/A,N/A,0,0,0,0,0,0,0,0,0,0,0,0,0,0,0,0,0,0,0,0
Approved,step up to the plate,N/A,N/A,N/A,N/A,N/A,N/A,N/A,N/A,N/A,N/A,N/A,N/A,N/A,N/A,N/A,N/A,N/A,N/A,N/A,N/A,0,0,0,0,0,0,0,0,0,0,0,0,0,0,0,0,0,0,0,0
Approved,stepping stone,positive step,interim step,big step,single step,practical step,turning point,corner stone,launching pad,step that,platform of,platform that,"milestone , ",foundation stone,stage to,starting point,step further,step was,step as,platform to,"stage , ",2,3,1,0,1,1,0,2,0,0,0,0,0,2,1,0,0,0,1,0
Rejected,stepping stone,positive step,interim step,big step,single step,practical step,turning point,corner stone,launching pad,step that,platform of,platform that,"milestone , ",foundation stone,stage to,starting point,step further,step was,step as,platform to,"stage , ",0,0,0,0,0,0,0,1,0,0,0,0,0,0,0,0,0,0,0,0
Rejected,strike a balance,find a balance,maintain a balance,establish a balance,strike the right balance,achieve a balance,ensure a balance,finding a balance,reach a compromise,striking a balance,achieving a balance,to find a balance,find a compromise,a balance,to achieve a balance,find the right balance,", a balance ",a balance of,a balance between,a balance between the,the balance,1,1,3,2,2,1,1,0,0,0,0,0,0,3,0,0,0,0,0,0
Approved,strike a balance,find a balance,maintain a balance,establish a balance,strike the right balance,achieve a balance,ensure a balance,finding a balance,reach a compromise,striking a balance,achieving a balance,to find a balance,find a compromise,a balance,to achieve a balance,find the right balance,", a balance ",a balance of,a balance between,a balance between the,the balance,2,2,2,3,2,1,1,2,2,2,3,2,1,3,3,1,1,0,0,0
Rejected,strike a balance,find a balance,maintain a balance,establish a balance,strike the right balance,achieve a balance,ensure a balance,finding a balance,reach a compromise,striking a balance,achieving a balance,to find a balance,find a compromise,a balance,to achieve a balance,find the right balance,", a balance ",a balance of,a balance between,a balance between the,the balance,3,3,3,3,3,3,2,3,2,2,2,3,2,2,3,2,2,2,2,2
Approved,strike a balance,find a balance,maintain a balance,establish a balance,strike the right balance,achieve a balance,ensure a balance,finding a balance,reach a compromise,striking a balance,achieving a balance,to find a balance,find a compromise,a balance,to achieve a balance,find the right balance,", a balance ",a balance of,a balance between,a balance between the,the balance,2,2,3,1,3,1,2,3,2,2,2,2,0,2,2,0,0,1,1,0
Rejected,strike a balance,find a balance,maintain a balance,establish a balance,strike the right balance,achieve a balance,ensure a balance,finding a balance,reach a compromise,striking a balance,achieving a balance,to find a balance,find a compromise,a balance,to achieve a balance,find the right balance,", a balance ",a balance of,a balance between,a balance between the,the balance,2,2,1,1,2,2,1,3,0,3,3,3,0,3,2,0,0,1,1,0
Approved,strike a balance,find a balance,maintain a balance,establish a balance,strike the right balance,achieve a balance,ensure a balance,finding a balance,reach a compromise,striking a balance,achieving a balance,to find a balance,find a compromise,a balance,to achieve a balance,find the right balance,", a balance ",a balance of,a balance between,a balance between the,the balance,3,3,3,3,3,2,2,3,2,2,2,2,1,2,3,1,1,1,1,1
Approved,tainted,distorted,corrupted,shaped,scarred,clouded,humbled,humiliated,uncontaminated,tempered,affected,etched,stained,contaminated,driven,smudged,prejudiced,infected,embarrassed,biased,tarnished,0,3,0,2,1,0,0,0,0,2,0,3,3,0,2,1,3,0,0,3
Rejected,tainted,distorted,corrupted,shaped,scarred,clouded,humbled,humiliated,uncontaminated,tempered,affected,etched,stained,contaminated,driven,smudged,prejudiced,infected,embarrassed,biased,tarnished,0,2,0,0,0,0,0,0,0,1,0,0,1,0,0,0,0,0,0,1
Approved,television show,television program,radio show,tv show,bond issue,television programme,talk show,radio programme,N/A,N/A,N/A,N/A,N/A,N/A,N/A,N/A,N/A,N/A,N/A,N/A,N/A,3,0,3,0,2,0,0,0,0,0,0,0,0,0,0,0,0,0,0,0
Approved,television show,television program,radio show,tv show,bond issue,television programme,talk show,radio programme,N/A,N/A,N/A,N/A,N/A,N/A,N/A,N/A,N/A,N/A,N/A,N/A,N/A,3,0,3,0,3,1,0,0,0,0,0,0,0,0,0,0,0,0,0,0
Approved,television show,television program,radio show,tv show,bond issue,television programme,talk show,radio programme,N/A,N/A,N/A,N/A,N/A,N/A,N/A,N/A,N/A,N/A,N/A,N/A,N/A,3,1,3,0,2,2,1,0,0,0,0,0,0,0,0,0,0,0,0,0
Approved,television show,television program,radio show,tv show,bond issue,television programme,talk show,radio programme,N/A,N/A,N/A,N/A,N/A,N/A,N/A,N/A,N/A,N/A,N/A,N/A,N/A,3,1,3,0,3,2,1,0,0,0,0,0,0,0,0,0,0,0,0,0
Approved,tentative agreement,preliminary agreement,provisional agreement,initial agreement,interim agreement,interim accord,interim arrangement,agreement in principle,provisional arrangement,agreement 's,"right , all right ",N/A,N/A,N/A,N/A,N/A,N/A,N/A,N/A,N/A,N/A,3,3,2,2,2,2,2,3,2,0,0,0,0,0,0,0,0,0,0,0
Rejected,tentative agreement,preliminary agreement,provisional agreement,initial agreement,interim agreement,interim accord,interim arrangement,agreement in principle,provisional arrangement,agreement 's,"right , all right ",N/A,N/A,N/A,N/A,N/A,N/A,N/A,N/A,N/A,N/A,3,3,1,1,0,1,1,2,0,0,0,0,,0,0,0,0,0,0,0
Rejected,tentative agreement,preliminary agreement,provisional agreement,initial agreement,interim agreement,interim accord,interim arrangement,agreement in principle,provisional arrangement,agreement 's,"right , all right ",N/A,N/A,N/A,N/A,N/A,N/A,N/A,N/A,N/A,N/A,0,0,2,0,0,0,1,0,0,0,0,0,0,0,0,0,0,0,0,0
Approved,tentative agreement,preliminary agreement,provisional agreement,initial agreement,interim agreement,interim accord,interim arrangement,agreement in principle,provisional arrangement,agreement 's,"right , all right ",N/A,N/A,N/A,N/A,N/A,N/A,N/A,N/A,N/A,N/A,2,3,2,3,3,2,1,2,0,0,0,0,0,0,0,0,0,0,0,0
Approved,tentative agreement,preliminary agreement,provisional agreement,initial agreement,interim agreement,interim accord,interim arrangement,agreement in principle,provisional arrangement,agreement 's,"right , all right ",N/A,N/A,N/A,N/A,N/A,N/A,N/A,N/A,N/A,N/A,3,3,2,1,1,1,2,3,1,0,0,0,0,0,0,0,0,0,0,0
Approved,terrorist attack,terrorist operation,terrorist bombing,terrorist action,terrorist act,crime scene,"incident , ",terrorist attacks,terrorist attacks that,"blast , ","attack , ",act of,terrorist bombings,"terrorist attacks , ","attacks , ","bombing , ","crime , ",terrorist who,attack by,shooting of,single attack,2,3,3,3,0,1,3,1,1,1,0,2,2,0,0,2,1,0,0,1
Approved,terrorist attack,terrorist operation,terrorist bombing,terrorist action,terrorist act,crime scene,"incident , ",terrorist attacks,terrorist attacks that,"blast , ","attack , ",act of,terrorist bombings,"terrorist attacks , ","attacks , ","bombing , ","crime , ",terrorist who,attack by,shooting of,single attack,2,3,3,3,2,2,2,2,1,1,1,2,2,2,2,1,1,1,1,2
Approved,terrorist attack,terrorist operation,terrorist bombing,terrorist action,terrorist act,crime scene,"incident , ",terrorist attacks,terrorist attacks that,"blast , ","attack , ",act of,terrorist bombings,"terrorist attacks , ","attacks , ","bombing , ","crime , ",terrorist who,attack by,shooting of,single attack,2,3,3,3,0,0,3,2,0,1,1,3,3,1,1,1,1,1,0,1
Approved,terrorist attack,terrorist operation,terrorist bombing,terrorist action,terrorist act,crime scene,"incident , ",terrorist attacks,terrorist attacks that,"blast , ","attack , ",act of,terrorist bombings,"terrorist attacks , ","attacks , ","bombing , ","crime , ",terrorist who,attack by,shooting of,single attack,3,2,3,3,1,1,2,2,1,1,0,2,2,0,1,1,1,0,0,0
Approved,terrorist attack,terrorist operation,terrorist bombing,terrorist action,terrorist act,crime scene,"incident , ",terrorist attacks,terrorist attacks that,"blast , ","attack , ",act of,terrorist bombings,"terrorist attacks , ","attacks , ","bombing , ","crime , ",terrorist who,attack by,shooting of,single attack,1,3,2,2,1,0,2,1,0,0,0,2,2,0,0,0,0,0,0,0
Rejected,terrorist group,terrorist organization,terrorist organisation,terror group,"terrorist organisation , ",terrorist groups,terrorist organizations,"terrorist groups , ",of terrorist groups,"of terrorist groups , ",terrorist organisations,terror organizations,N/A,N/A,N/A,N/A,N/A,N/A,N/A,N/A,N/A,0,0,,0,0,0,0,0,0,0,0,0,0,0,0,0,0,0,0,0
Approved,terrorist group,terrorist organization,terrorist organisation,terror group,"terrorist organisation , ",terrorist groups,terrorist organizations,"terrorist groups , ",of terrorist groups,"of terrorist groups , ",terrorist organisations,terror organizations,N/A,N/A,N/A,N/A,N/A,N/A,N/A,N/A,N/A,3,3,3,3,2,2,2,2,2,2,2,0,0,0,0,0,0,0,0,0
Rejected,terrorist group,terrorist organization,terrorist organisation,terror group,"terrorist organisation , ",terrorist groups,terrorist organizations,"terrorist groups , ",of terrorist groups,"of terrorist groups , ",terrorist organisations,terror organizations,N/A,N/A,N/A,N/A,N/A,N/A,N/A,N/A,N/A,2,0,3,2,2,3,3,,2,3,2,,,,,,,,,
Approved,terrorist group,terrorist organization,terrorist organisation,terror group,"terrorist organisation , ",terrorist groups,terrorist organizations,"terrorist groups , ",of terrorist groups,"of terrorist groups , ",terrorist organisations,terror organizations,N/A,N/A,N/A,N/A,N/A,N/A,N/A,N/A,N/A,3,2,2,2,2,2,2,,2,2,2,0,0,0,0,0,0,0,0,0
Approved,terrorist group,terrorist organization,terrorist organisation,terror group,"terrorist organisation , ",terrorist groups,terrorist organizations,"terrorist groups , ",of terrorist groups,"of terrorist groups , ",terrorist organisations,terror organizations,N/A,N/A,N/A,N/A,N/A,N/A,N/A,N/A,N/A,3,3,1,3,2,2,2,2,2,2,2,0,0,0,0,0,0,0,0,0
Approved,the most important thing,the most important issue,the most important task,the most important point,the most important factor,the most important step,the most important element,the main thing,the most important aspect,the most important ones,the important thing,the most important one,the most important part,the top priority,the key factor,the key issue,the decisive factor,the key point,the main issue,the important point,the key element,2,2,2,2,2,2,3,2,2,2,2,2,3,2,2,2,3,3,2,2
Approved,the most important thing,the most important issue,the most important task,the most important point,the most important factor,the most important step,the most important element,the main thing,the most important aspect,the most important ones,the important thing,the most important one,the most important part,the top priority,the key factor,the key issue,the decisive factor,the key point,the main issue,the important point,the key element,3,2,3,2,2,2,1,1,1,1,1,2,2,2,2,2,2,2,2,2
Approved,the most important thing,the most important issue,the most important task,the most important point,the most important factor,the most important step,the most important element,the main thing,the most important aspect,the most important ones,the important thing,the most important one,the most important part,the top priority,the key factor,the key issue,the decisive factor,the key point,the main issue,the important point,the key element,2,2,3,3,2,3,2,3,2,2,2,3,3,2,2,2,2,2,2,2
Approved,the most important thing,the most important issue,the most important task,the most important point,the most important factor,the most important step,the most important element,the main thing,the most important aspect,the most important ones,the important thing,the most important one,the most important part,the top priority,the key factor,the key issue,the decisive factor,the key point,the main issue,the important point,the key element,3,2,3,2,2,3,2,3,1,2,2,2,1,2,3,2,3,2,2,2
Approved,the most important thing,the most important issue,the most important task,the most important point,the most important factor,the most important step,the most important element,the main thing,the most important aspect,the most important ones,the important thing,the most important one,the most important part,the top priority,the key factor,the key issue,the decisive factor,the key point,the main issue,the important point,the key element,3,2,3,3,2,3,3,3,2,3,1,3,3,3,3,2,3,3,3,3
Approved,to analyze,to analyse the,to be analysed,to evaluate,to examine the,to examine,to investigate,to investigate the,to appraise,to identify,to assess,to assess the,to explore,to scrutinize,to monitor,to deepen,to discuss a,to discuss the,to discuss,to negotiate the,to consider,3,2,3,3,3,2,2,3,3,3,3,3,3,1,0,1,1,1,0,2
Approved,to analyze,to analyse the,to be analysed,to evaluate,to examine the,to examine,to investigate,to investigate the,to appraise,to identify,to assess,to assess the,to explore,to scrutinize,to monitor,to deepen,to discuss a,to discuss the,to discuss,to negotiate the,to consider,2,1,2,2,2,2,1,1,1,2,1,1,2,2,0,0,0,0,0,0
Approved,to analyze,to analyse the,to be analysed,to evaluate,to examine the,to examine,to investigate,to investigate the,to appraise,to identify,to assess,to assess the,to explore,to scrutinize,to monitor,to deepen,to discuss a,to discuss the,to discuss,to negotiate the,to consider,3,1,3,2,2,3,2,1,1,2,1,2,2,0,2,0,1,0,0,1
Approved,turning point,sea change,significant milestone,major milestone,tipping point,historic milestone,""" time",new milestone,defining moment,important milestone,important landmark,watershed moment,major turning point,deciding factor,crossing point,key point,key moment,conversion of,landmark event,historic turning point,stepping stone,0,3,3,3,3,0,3,3,3,3,0,3,3,3,3,3,0,3,3,1
Rejected,turning point,sea change,significant milestone,major milestone,tipping point,historic milestone,""" time",new milestone,defining moment,important milestone,important landmark,watershed moment,major turning point,deciding factor,crossing point,key point,key moment,conversion of,landmark event,historic turning point,stepping stone,0,1,1,0,1,0,0,3,2,0,2,2,1,0,1,1,0,2,2,0
Approved,unprecedented,unexpected,fierce,unusual,odd,unpublished,astonishing,all-time,unlimited,unrivaled,ground-breaking,all-out,sole,tremendous,wide,incredible,terrible,impressive,magnificent,precedent-setting,meteoric,3,0,1,1,1,1,0,0,0,3,0,0,0,0,1,0,1,1,3,1
Approved,unprecedented,unexpected,fierce,unusual,odd,unpublished,astonishing,all-time,unlimited,unrivaled,ground-breaking,all-out,sole,tremendous,wide,incredible,terrible,impressive,magnificent,precedent-setting,meteoric,3,0,2,1,0,1,0,0,0,2,0,0,1,0,1,0,0,0,1,0
Rejected,unprecedented,unexpected,fierce,unusual,odd,unpublished,astonishing,all-time,unlimited,unrivaled,ground-breaking,all-out,sole,tremendous,wide,incredible,terrible,impressive,magnificent,precedent-setting,meteoric,0,0,1,1,0,0,0,0,0,1,0,0,0,0,0,0,0,0,2,0
Approved,unprecedented,unexpected,fierce,unusual,odd,unpublished,astonishing,all-time,unlimited,unrivaled,ground-breaking,all-out,sole,tremendous,wide,incredible,terrible,impressive,magnificent,precedent-setting,meteoric,3,0,3,1,0,3,0,0,3,3,0,0,0,0,2,0,2,2,3,1
Approved,vociferous,poignant,vocal,fervent,strong,vehement,ardent,vigorous,blatant,fierce,intense,noisy,loud,siren,keen,strongly,N/A,N/A,N/A,N/A,N/A,0,3,2,2,3,3,3,2,2,3,3,3,0,1,2,0,0,0,0,0
Approved,vociferous,poignant,vocal,fervent,strong,vehement,ardent,vigorous,blatant,fierce,intense,noisy,loud,siren,keen,strongly,N/A,N/A,N/A,N/A,N/A,0,2,1,1,1,1,1,0,0,1,2,3,0,0,0,0,0,0,0,0
Approved,vociferous,poignant,vocal,fervent,strong,vehement,ardent,vigorous,blatant,fierce,intense,noisy,loud,siren,keen,strongly,N/A,N/A,N/A,N/A,N/A,0,1,2,1,1,2,1,0,0,2,1,1,0,0,1,0,0,0,0,0
Approved,watchful eye,careful eye,broad view,blind eye,close eye,quick look,on-the-spot check,close look,closer look,close watch,control process,look at this,look at it,look around,N/A,N/A,N/A,N/A,N/A,N/A,N/A,3,2,2,3,2,2,3,2,3,2,1,1,1,0,0,0,0,0,0,0
Approved,watchful eye,careful eye,broad view,blind eye,close eye,quick look,on-the-spot check,close look,closer look,close watch,control process,look at this,look at it,look around,N/A,N/A,N/A,N/A,N/A,N/A,N/A,3,1,0,3,0,0,3,2,3,1,0,0,0,0,0,0,0,0,0,0
Approved,watchful eye,careful eye,broad view,blind eye,close eye,quick look,on-the-spot check,close look,closer look,close watch,control process,look at this,look at it,look around,N/A,N/A,N/A,N/A,N/A,N/A,N/A,3,3,1,3,1,1,3,2,3,0,0,0,0,0,0,0,0,0,0,0
Rejected,watchful eye,careful eye,broad view,blind eye,close eye,quick look,on-the-spot check,close look,closer look,close watch,control process,look at this,look at it,look around,N/A,N/A,N/A,N/A,N/A,N/A,N/A,2,1,0,1,0,0,0,0,1,0,0,0,0,0,0,0,0,0,0,0
Rejected,weapons of mass destruction,weapons of mass destruction programmes,'s weapons of mass destruction,types of weapons of mass destruction,wmd,proliferation of weapons of mass destruction,iraq 's weapons of mass destruction,weapons of mass destruction -lrb- wmd,weapons of mass destruction -lrb- wmds,'s alleged weapons of mass destruction,alleged weapons of mass destruction,weapon of mass destruction,the weapons,of weapons of mass,weapons of mass,of weapons,of arms,wmds,mass destruction,weapons of,"arms ,",2,1,0,2,1,1,0,0,0,0,3,0,0,0,0,0,2,0,0,0
Rejected,weapons of mass destruction,weapons of mass destruction programmes,'s weapons of mass destruction,types of weapons of mass destruction,wmd,proliferation of weapons of mass destruction,iraq 's weapons of mass destruction,weapons of mass destruction -lrb- wmd,weapons of mass destruction -lrb- wmds,'s alleged weapons of mass destruction,alleged weapons of mass destruction,weapon of mass destruction,the weapons,of weapons of mass,weapons of mass,of weapons,of arms,wmds,mass destruction,weapons of,"arms ,",3,3,3,2,3,3,3,3,3,3,3,2,2,2,2,2,3,2,2,2
Approved,weapons of mass destruction,weapons of mass destruction programmes,'s weapons of mass destruction,types of weapons of mass destruction,wmd,proliferation of weapons of mass destruction,iraq 's weapons of mass destruction,weapons of mass destruction -lrb- wmd,weapons of mass destruction -lrb- wmds,'s alleged weapons of mass destruction,alleged weapons of mass destruction,weapon of mass destruction,the weapons,of weapons of mass,weapons of mass,of weapons,of arms,wmds,mass destruction,weapons of,"arms ,",1,2,2,1,2,1,1,1,1,1,1,0,0,0,0,0,1,0,1,1
Approved,imminent danger,great danger,immediate danger,grave danger,imminent threat,serious risk,great risk,an imminent threat,any danger,the danger,a danger,risk act,a hazard,the hazard,the infirmary,the woods,N/A,N/A,N/A,N/A,N/A,1,2,1,3,1,1,3,0,0,0,0,0,0,0,0,0,0,0,0,0
Approved,imminent danger,great danger,immediate danger,grave danger,imminent threat,serious risk,great risk,an imminent threat,any danger,the danger,a danger,risk act,a hazard,the hazard,the infirmary,the woods,N/A,N/A,N/A,N/A,N/A,2,3,3,3,3,2,2,1,1,1,0,0,0,0,0,0,0,0,0,0
Approved,imminent danger,great danger,immediate danger,grave danger,imminent threat,serious risk,great risk,an imminent threat,any danger,the danger,a danger,risk act,a hazard,the hazard,the infirmary,the woods,N/A,N/A,N/A,N/A,N/A,2,2,2,2,2,1,2,1,1,1,1,1,1,0,0,0,0,0,0,0
Approved,imminent danger,great danger,immediate danger,grave danger,imminent threat,serious risk,great risk,an imminent threat,any danger,the danger,a danger,risk act,a hazard,the hazard,the infirmary,the woods,N/A,N/A,N/A,N/A,N/A,2,3,2,3,2,2,3,1,1,1,0,1,1,0,0,0,0,0,0,0
Approved,imminent danger,great danger,immediate danger,grave danger,imminent threat,serious risk,great risk,an imminent threat,any danger,the danger,a danger,risk act,a hazard,the hazard,the infirmary,the woods,N/A,N/A,N/A,N/A,N/A,3,3,3,3,3,3,3,2,2,2,1,2,2,1,0,0,0,0,0,0
Approved,imminent danger,great danger,immediate danger,grave danger,imminent threat,serious risk,great risk,an imminent threat,any danger,the danger,a danger,risk act,a hazard,the hazard,the infirmary,the woods,N/A,N/A,N/A,N/A,N/A,3,3,2,2,1,2,2,1,1,1,0,1,1,0,0,0,0,0,0,0
Approved,seriously injured,seriously wounded,severely injured,critically injured,"injured , ",wounded and,been injured,"wounded , ",been wounded,being injured,injured .,"injured , and ",injured and,hurt bad,was injured,was wounded,persons injured,people wounded,wounded .,were injured,were wounded,3,3,3,2,1,2,2,2,2,2,1,1,3,2,2,2,2,2,2,2
Approved,seriously injured,seriously wounded,severely injured,critically injured,"injured , ",wounded and,been injured,"wounded , ",been wounded,being injured,injured .,"injured , and ",injured and,hurt bad,was injured,was wounded,persons injured,people wounded,wounded .,were injured,were wounded,3,3,3,2,1,1,1,1,1,1,1,1,1,1,1,1,1,1,1,1
Rejected,seriously injured,seriously wounded,severely injured,critically injured,"injured , ",wounded and,been injured,"wounded , ",been wounded,being injured,injured .,"injured , and ",injured and,hurt bad,was injured,was wounded,persons injured,people wounded,wounded .,were injured,were wounded,2,2,2,0,0,0,0,0,0,0,0,0,2,0,0,0,0,0,0,0
Approved,seriously injured,seriously wounded,severely injured,critically injured,"injured , ",wounded and,been injured,"wounded , ",been wounded,being injured,injured .,"injured , and ",injured and,hurt bad,was injured,was wounded,persons injured,people wounded,wounded .,were injured,were wounded,2,3,2,3,2,2,2,2,2,3,2,2,3,2,2,1,1,2,1,1
Approved,seriously injured,seriously wounded,severely injured,critically injured,"injured , ",wounded and,been injured,"wounded , ",been wounded,being injured,injured .,"injured , and ",injured and,hurt bad,was injured,was wounded,persons injured,people wounded,wounded .,were injured,were wounded,3,3,3,2,1,0,1,0,1,1,0,0,3,1,1,0,0,1,0,0
Approved,seriously injured,seriously wounded,severely injured,critically injured,"injured , ",wounded and,been injured,"wounded , ",been wounded,being injured,injured .,"injured , and ",injured and,hurt bad,was injured,was wounded,persons injured,people wounded,wounded .,were injured,were wounded,3,3,3,3,2,2,2,2,1,2,2,2,3,1,1,1,1,2,2,2
Approved,seriously injured,seriously wounded,severely injured,critically injured,"injured , ",wounded and,been injured,"wounded , ",been wounded,being injured,injured .,"injured , and ",injured and,hurt bad,was injured,was wounded,persons injured,people wounded,wounded .,were injured,were wounded,3,3,3,3,2,2,3,2,2,3,2,2,3,2,2,2,2,3,2,2
